countyFIPS,county,state,stateFIPS,cases
1,New York City Unallocated/Probable,NY,36,0
1001,Autauga County,AL,1,644
1005,Barbour County,AL,1,360
1007,Bibb County,AL,1,199
1009,Blount County,AL,1,255
1011,Bullock County,AL,1,373
1013,Butler County,AL,1,634
1015,Calhoun County,AL,1,395
1017,Chambers County,AL,1,656
1019,Cherokee County,AL,1,106
1021,Chilton County,AL,1,270
1023,Choctaw County,AL,1,198
1025,Clarke County,AL,1,284
1027,Clay County,AL,1,69
1029,Cleburne County,AL,1,39
1031,Coffee County,AL,1,391
1035,Conecuh County,AL,1,219
1037,Coosa County,AL,1,59
1039,Covington County,AL,1,380
1041,Crenshaw County,AL,1,129
1043,Cullman County,AL,1,478
1045,Dale County,AL,1,305
1047,Dallas County,AL,1,918
1049,DeKalb County,AL,1,770
1051,Elmore County,AL,1,975
1053,Escambia County,AL,1,411
1055,Etowah County,AL,1,801
1057,Fayette County,AL,1,75
1059,Franklin County,AL,1,907
1061,Geneva County,AL,1,84
1063,Greene County,AL,1,186
1067,Henry County,AL,1,137
1069,Houston County,AL,1,525
1071,Jackson County,AL,1,306
1073,Jefferson County,AL,1,5538
1075,Lamar County,AL,1,81
1077,Lauderdale County,AL,1,503
1079,Lawrence County,AL,1,112
1081,Lee County,AL,1,1459
1083,Limestone County,AL,1,523
1085,Lowndes County,AL,1,482
1087,Macon County,AL,1,203
1089,Madison County,AL,1,1579
1091,Marengo County,AL,1,319
1095,Marshall County,AL,1,1781
1097,Mobile County,AL,1,4243
1099,Monroe County,AL,1,243
1101,Montgomery County,AL,1,4293
1103,Morgan County,AL,1,1142
1105,Perry County,AL,1,179
1107,Pickens County,AL,1,241
1109,Pike County,AL,1,459
1113,Russell County,AL,1,574
1115,St. Clair County,AL,1,426
1117,Shelby County,AL,1,1376
1119,Sumter County,AL,1,286
1121,Talladega County,AL,1,331
1123,Tallapoosa County,AL,1,612
1125,Tuscaloosa County,AL,1,2368
1127,Walker County,AL,1,998
1129,Washington County,AL,1,121
1131,Wilcox County,AL,1,296
1133,Winston County,AL,1,269
2013,Aleutians East Borough,AK,2,0
2016,Aleutians West Census Area,AK,2,0
2050,Bethel Census Area,AK,2,6
2060,Bristol Bay Borough,AK,2,0
2068,Denali Borough,AK,2,0
2070,Dillingham Census Area,AK,2,0
2090,Fairbanks North Star Borough,AK,2,172
2100,Haines Borough,AK,2,2
2105,Hoonah-Angoon Census Area,AK,2,0
2122,Kenai Peninsula Borough,AK,2,166
2130,Ketchikan Gateway Borough,AK,2,21
2150,Kodiak Island Borough,AK,2,3
2158,Kusilvak Census Area,AK,2,0
2164,Lake and Peninsula Borough,AK,2,0
2170,Matanuska-Susitna Borough,AK,2,118
2180,Nome Census Area,AK,2,5
2185,North Slope Borough,AK,2,4
2195,Petersburg Census Area,AK,2,4
2198,Prince of Wales-Hyder Census Area,AK,2,2
2220,Sitka City and Borough,AK,2,11
2230,Skagway Municipality,AK,2,0
2261,Valdez-Cordova Census Area,AK,2,0
2270,Wade Hampton Census Area,AK,2,0
2275,Wrangell City and Borough,AK,2,3
2290,Yukon-Koyukuk Census Area,AK,2,2
4003,Cochise County,AZ,4,855
4005,Coconino County,AZ,4,2237
4007,Gila County,AZ,4,361
4009,Graham County,AZ,4,172
4011,Greenlee County,AZ,4,26
4012,La Paz County,AZ,4,374
4013,Maricopa County,AZ,4,67543
4017,Navajo County,AZ,4,4015
4019,Pima County,AZ,4,10184
4021,Pinal County,AZ,4,4792
4023,Santa Cruz County,AZ,4,2048
4025,Yavapai County,AZ,4,969
4027,Yuma County,AZ,4,7599
5001,Arkansas County,AR,5,41
5003,Ashley County,AR,5,84
5005,Baxter County,AR,5,25
5007,Benton County,AR,5,3095
5011,Bradley County,AR,5,55
5013,Calhoun County,AR,5,2
5015,Carroll County,AR,5,197
5017,Chicot County,AR,5,183
5019,Clark County,AR,5,59
5021,Clay County,AR,5,71
5023,Cleburne County,AR,5,117
5025,Cleveland County,AR,5,30
5027,Columbia County,AR,5,90
5029,Conway County,AR,5,77
5031,Craighead County,AR,5,485
5033,Crawford County,AR,5,218
5037,Cross County,AR,5,90
5039,Dallas County,AR,5,10
5041,Desha County,AR,5,66
5043,Drew County,AR,5,79
5045,Faulkner County,AR,5,622
5047,Franklin County,AR,5,27
5049,Fulton County,AR,5,16
5051,Garland County,AR,5,293
5053,Grant County,AR,5,51
5055,Greene County,AR,5,128
5057,Hempstead County,AR,5,65
5059,Hot Spring County,AR,5,587
5061,Howard County,AR,5,106
5063,Independence County,AR,5,60
5065,Izard County,AR,5,25
5067,Jackson County,AR,5,35
5069,Jefferson County,AR,5,774
5071,Johnson County,AR,5,281
5075,Lawrence County,AR,5,103
5077,Lee County,AR,5,805
5079,Lincoln County,AR,5,1044
5081,Little River County,AR,5,40
5083,Logan County,AR,5,62
5085,Lonoke County,AR,5,178
5087,Madison County,AR,5,211
5089,Marion County,AR,5,12
5091,Miller County,AR,5,232
5093,Mississippi County,AR,5,225
5095,Monroe County,AR,5,17
5097,Montgomery County,AR,5,7
5099,Nevada County,AR,5,104
5101,Newton County,AR,5,7
5103,Ouachita County,AR,5,25
5105,Perry County,AR,5,34
5107,Phillips County,AR,5,159
5111,Poinsett County,AR,5,63
5113,Polk County,AR,5,80
5117,Prairie County,AR,5,22
5119,Pulaski County,AR,5,2522
5121,Randolph County,AR,5,56
5123,St. Francis County,AR,5,893
5125,Saline County,AR,5,375
5127,Scott County,AR,5,14
5133,Sevier County,AR,5,758
5135,Sharp County,AR,5,56
5141,Van Buren County,AR,5,34
5143,Washington County,AR,5,4171
5145,White County,AR,5,101
5147,Woodruff County,AR,5,8
5149,Yell County,AR,5,750
6001,Alameda County,CA,6,6887
6003,Alpine County,CA,6,2
6005,Amador County,CA,6,34
6007,Butte County,CA,6,275
6009,Calaveras County,CA,6,42
6011,Colusa County,CA,6,86
6013,Contra Costa County,CA,6,4092
6015,Del Norte County,CA,6,58
6019,Fresno County,CA,6,6924
6021,Glenn County,CA,6,146
6023,Humboldt County,CA,6,154
6025,Imperial County,CA,6,7343
6027,Inyo County,CA,6,34
6029,Kern County,CA,6,5543
6031,Kings County,CA,6,2755
6033,Lake County,CA,6,98
6035,Lassen County,CA,6,40
6037,Los Angeles County,CA,6,120539
6039,Madera County,CA,6,784
6041,Marin County,CA,6,2881
6043,Mariposa County,CA,6,31
6045,Mendocino County,CA,6,92
6047,Merced County,CA,6,1623
6049,Modoc County,CA,6,0
6051,Mono County,CA,6,48
6053,Monterey County,CA,6,2239
6055,Napa County,CA,6,448
6057,Nevada County,CA,6,151
6059,Orange County,CA,6,18892
6061,Placer County,CA,6,938
6065,Riverside County,CA,6,21101
6067,Sacramento County,CA,6,4566
6071,San Bernardino County,CA,6,15932
6073,San Diego County,CA,6,17578
6075,San Francisco County,CA,6,4020
6077,San Joaquin County,CA,6,5600
6079,San Luis Obispo County,CA,6,808
6081,San Mateo County,CA,6,3692
6083,Santa Barbara County,CA,6,3742
6085,Santa Clara County,CA,6,5478
6087,Santa Cruz County,CA,6,501
6089,Shasta County,CA,6,163
6091,Sierra County,CA,6,1
6093,Siskiyou County,CA,6,32
6095,Solano County,CA,6,1826
6097,Sonoma County,CA,6,1466
6101,Sutter County,CA,6,302
6103,Tehama County,CA,6,94
6105,Trinity County,CA,6,2
6107,Tulare County,CA,6,5175
6109,Tuolumne County,CA,6,57
6111,Ventura County,CA,6,3858
6113,Yolo County,CA,6,723
6115,Yuba County,CA,6,147
8001,Adams County,CO,8,4478
8003,Alamosa County,CO,8,202
8005,Arapahoe County,CO,8,5421
8007,Archuleta County,CO,8,11
8009,Baca County,CO,8,14
8011,Bent County,CO,8,4
8013,Boulder County,CO,8,1454
8014,Broomfield County and City,CO,8,320
8015,Chaffee County,CO,8,78
8017,Cheyenne County,CO,8,5
8019,Clear Creek County,CO,8,21
8021,Conejos County,CO,8,15
8023,Costilla County,CO,8,22
8025,Crowley County,CO,8,71
8029,Delta County,CO,8,84
8031,Denver County,CO,8,7477
8033,Dolores County,CO,8,0
8035,Douglas County,CO,8,1042
8037,Eagle County,CO,8,715
8039,Elbert County,CO,8,60
8041,El Paso County,CO,8,2685
8043,Fremont County,CO,8,41
8045,Garfield County,CO,8,326
8047,Gilpin County,CO,8,8
8049,Grand County,CO,8,23
8051,Gunnison County,CO,8,189
8053,Hinsdale County,CO,8,3
8055,Huerfano County,CO,8,4
8057,Jackson County,CO,8,2
8059,Jefferson County,CO,8,2842
8061,Kiowa County,CO,8,0
8065,Lake County,CO,8,51
8067,La Plata County,CO,8,127
8071,Las Animas County,CO,8,9
8073,Lincoln County,CO,8,4
8075,Logan County,CO,8,640
8077,Mesa County,CO,8,121
8079,Mineral County,CO,8,13
8081,Moffat County,CO,8,13
8083,Montezuma County,CO,8,74
8085,Montrose County,CO,8,211
8087,Morgan County,CO,8,655
8089,Otero County,CO,8,22
8091,Ouray County,CO,8,12
8093,Park County,CO,8,28
8095,Phillips County,CO,8,16
8097,Pitkin County,CO,8,108
8099,Prowers County,CO,8,30
8101,Pueblo County,CO,8,411
8103,Rio Blanco County,CO,8,4
8105,Rio Grande County,CO,8,80
8107,Routt County,CO,8,78
8109,Saguache County,CO,8,102
8111,San Juan County,CO,8,2
8113,San Miguel County,CO,8,39
8115,Sedgwick County,CO,8,0
8117,Summit County,CO,8,286
8119,Teller County,CO,8,52
8121,Washington County,CO,8,46
8123,Weld County,CO,8,2890
8125,Yuma County,CO,8,53
9001,Fairfield County,CT,9,16837
9003,Hartford County,CT,9,11812
9005,Litchfield County,CT,9,1508
9007,Middlesex County,CT,9,1320
9009,New Haven County,CT,9,12473
9011,New London County,CT,9,1304
9013,Tolland County,CT,9,925
9015,Windham County,CT,9,627
10001,Kent County,DE,10,1784
10003,New Castle County,DE,10,5555
10005,Sussex County,DE,10,4977
11001,Washington,DC,11,10569
12001,Alachua County,FL,12,1701
12003,Baker County,FL,12,110
12005,Bay County,FL,12,818
12007,Bradford County,FL,12,102
12009,Brevard County,FL,12,2705
12011,Broward County,FL,12,22595
12013,Calhoun County,FL,12,101
12015,Charlotte County,FL,12,944
12017,Citrus County,FL,12,419
12019,Clay County,FL,12,1074
12021,Collier County,FL,12,5201
12023,Columbia County,FL,12,377
12029,Dixie County,FL,12,84
12031,Duval County,FL,12,9835
12033,Escambia County,FL,12,3059
12035,Flagler County,FL,12,410
12037,Franklin County,FL,12,15
12039,Gadsden County,FL,12,474
12041,Gilchrist County,FL,12,122
12043,Glades County,FL,12,188
12045,Gulf County,FL,12,57
12049,Hardee County,FL,12,517
12051,Hendry County,FL,12,1111
12053,Hernando County,FL,12,592
12055,Highlands County,FL,12,435
12057,Hillsborough County,FL,12,15362
12059,Holmes County,FL,12,201
12061,Indian River County,FL,12,969
12063,Jackson County,FL,12,415
12065,Jefferson County,FL,12,67
12067,Lafayette County,FL,12,42
12069,Lake County,FL,12,1998
12071,Lee County,FL,12,7859
12073,Leon County,FL,12,1911
12075,Levy County,FL,12,218
12077,Liberty County,FL,12,245
12079,Madison County,FL,12,265
12081,Manatee County,FL,12,3890
12085,Martin County,FL,12,2461
12086,Miami-Dade County,FL,12,51058
12087,Monroe County,FL,12,398
12089,Nassau County,FL,12,346
12091,Okaloosa County,FL,12,938
12093,Okeechobee County,FL,12,451
12095,Orange County,FL,12,14768
12097,Osceola County,FL,12,3190
12099,Palm Beach County,FL,12,17638
12101,Pasco County,FL,12,3004
12103,Pinellas County,FL,12,9032
12107,Putnam County,FL,12,566
12109,St. Johns County,FL,12,1433
12111,St. Lucie County,FL,12,2355
12113,Santa Rosa County,FL,12,941
12117,Seminole County,FL,12,3522
12119,Sumter County,FL,12,478
12121,Suwannee County,FL,12,646
12123,Taylor County,FL,12,102
12125,Union County,FL,12,92
12127,Volusia County,FL,12,2951
12131,Walton County,FL,12,372
12133,Washington County,FL,12,131
13001,Appling County,GA,13,302
13003,Atkinson County,GA,13,179
13005,Bacon County,GA,13,284
13007,Baker County,GA,13,43
13009,Baldwin County,GA,13,601
13011,Banks County,GA,13,143
13013,Barrow County,GA,13,568
13015,Bartow County,GA,13,821
13019,Berrien County,GA,13,152
13021,Bibb County,GA,13,1449
13023,Bleckley County,GA,13,81
13025,Brantley County,GA,13,116
13027,Brooks County,GA,13,200
13029,Bryan County,GA,13,188
13031,Bulloch County,GA,13,536
13033,Burke County,GA,13,160
13035,Butts County,GA,13,320
13037,Calhoun County,GA,13,168
13039,Camden County,GA,13,216
13043,Candler County,GA,13,72
13045,Carroll County,GA,13,883
13047,Catoosa County,GA,13,334
13049,Charlton County,GA,13,74
13051,Chatham County,GA,13,1990
13053,Chattahoochee County,GA,13,432
13055,Chattooga County,GA,13,74
13057,Cherokee County,GA,13,1565
13059,Clarke County,GA,13,779
13061,Clay County,GA,13,56
13063,Clayton County,GA,13,2452
13065,Clinch County,GA,13,115
13067,Cobb County,GA,13,6140
13069,Coffee County,GA,13,660
13071,Colquitt County,GA,13,1167
13073,Columbia County,GA,13,670
13077,Coweta County,GA,13,795
13079,Crawford County,GA,13,53
13081,Crisp County,GA,13,295
13083,Dade County,GA,13,77
13087,Decatur County,GA,13,268
13089,DeKalb County,GA,13,7195
13091,Dodge County,GA,13,127
13093,Dooly County,GA,13,215
13095,Dougherty County,GA,13,2030
13097,Douglas County,GA,13,1189
13099,Early County,GA,13,289
13101,Echols County,GA,13,187
13103,Effingham County,GA,13,216
13107,Emanuel County,GA,13,177
13109,Evans County,GA,13,33
13111,Fannin County,GA,13,112
13113,Fayette County,GA,13,460
13117,Forsyth County,GA,13,1018
13119,Franklin County,GA,13,227
13121,Fulton County,GA,13,9169
13123,Gilmer County,GA,13,197
13127,Glynn County,GA,13,1290
13129,Gordon County,GA,13,462
13131,Grady County,GA,13,239
13133,Greene County,GA,13,106
13135,Gwinnett County,GA,13,10041
13137,Habersham County,GA,13,733
13139,Hall County,GA,13,3515
13141,Hancock County,GA,13,223
13143,Haralson County,GA,13,88
13145,Harris County,GA,13,389
13147,Hart County,GA,13,88
13149,Heard County,GA,13,72
13151,Henry County,GA,13,1525
13153,Houston County,GA,13,845
13155,Irwin County,GA,13,83
13157,Jackson County,GA,13,464
13159,Jasper County,GA,13,78
13161,Jeff Davis County,GA,13,136
13163,Jefferson County,GA,13,155
13165,Jenkins County,GA,13,132
13167,Johnson County,GA,13,112
13169,Jones County,GA,13,121
13171,Lamar County,GA,13,138
13173,Lanier County,GA,13,152
13175,Laurens County,GA,13,277
13179,Liberty County,GA,13,168
13183,Long County,GA,13,57
13185,Lowndes County,GA,13,1659
13187,Lumpkin County,GA,13,149
13189,McDuffie County,GA,13,129
13191,McIntosh County,GA,13,69
13193,Macon County,GA,13,130
13195,Madison County,GA,13,129
13197,Marion County,GA,13,88
13199,Meriwether County,GA,13,226
13201,Miller County,GA,13,53
13205,Mitchell County,GA,13,475
13207,Monroe County,GA,13,223
13209,Montgomery County,GA,13,42
13211,Morgan County,GA,13,68
13213,Murray County,GA,13,271
13215,Muscogee County,GA,13,2214
13217,Newton County,GA,13,757
13219,Oconee County,GA,13,194
13221,Oglethorpe County,GA,13,100
13225,Peach County,GA,13,129
13227,Pickens County,GA,13,101
13229,Pierce County,GA,13,217
13233,Polk County,GA,13,257
13235,Pulaski County,GA,13,57
13239,Quitman County,GA,13,19
13241,Rabun County,GA,13,58
13243,Randolph County,GA,13,204
13245,Richmond County,GA,13,1354
13247,Rockdale County,GA,13,587
13249,Schley County,GA,13,25
13251,Screven County,GA,13,100
13253,Seminole County,GA,13,54
13255,Spalding County,GA,13,491
13257,Stephens County,GA,13,279
13259,Stewart County,GA,13,213
13261,Sumter County,GA,13,582
13263,Talbot County,GA,13,88
13265,Taliaferro County,GA,13,2
13267,Tattnall County,GA,13,166
13269,Taylor County,GA,13,38
13273,Terrell County,GA,13,236
13275,Thomas County,GA,13,529
13277,Tift County,GA,13,900
13279,Toombs County,GA,13,294
13281,Towns County,GA,13,58
13285,Troup County,GA,13,1652
13287,Turner County,GA,13,183
13289,Twiggs County,GA,13,39
13291,Union County,GA,13,89
13295,Walker County,GA,13,362
13297,Walton County,GA,13,489
13299,Ware County,GA,13,540
13301,Warren County,GA,13,29
13303,Washington County,GA,13,148
13305,Wayne County,GA,13,118
13307,Webster County,GA,13,24
13309,Wheeler County,GA,13,56
13311,White County,GA,13,155
13313,Whitfield County,GA,13,1479
13315,Wilcox County,GA,13,132
13317,Wilkes County,GA,13,85
13319,Wilkinson County,GA,13,98
15001,Hawaii County,HI,15,95
15003,Honolulu County,HI,15,788
15005,Kalawao County,HI,15,0
15007,Kauai County,HI,15,42
16001,Ada County,ID,16,3252
16003,Adams County,ID,16,12
16005,Bannock County,ID,16,122
16007,Bear Lake County,ID,16,2
16011,Bingham County,ID,16,58
16013,Blaine County,ID,16,543
16015,Boise County,ID,16,5
16017,Bonner County,ID,16,40
16019,Bonneville County,ID,16,156
16021,Boundary County,ID,16,1
16023,Butte County,ID,16,0
16027,Canyon County,ID,16,1485
16029,Caribou County,ID,16,12
16031,Cassia County,ID,16,285
16033,Clark County,ID,16,0
16035,Clearwater County,ID,16,3
16037,Custer County,ID,16,4
16039,Elmore County,ID,16,75
16041,Franklin County,ID,16,30
16043,Fremont County,ID,16,8
16045,Gem County,ID,16,39
16047,Gooding County,ID,16,68
16049,Idaho County,ID,16,8
16051,Jefferson County,ID,16,20
16053,Jerome County,ID,16,260
16055,Kootenai County,ID,16,464
16057,Latah County,ID,16,30
16059,Lemhi County,ID,16,2
16061,Lewis County,ID,16,1
16063,Lincoln County,ID,16,37
16067,Minidoka County,ID,16,227
16069,Nez Perce County,ID,16,106
16071,Oneida County,ID,16,4
16073,Owyhee County,ID,16,57
16075,Payette County,ID,16,141
16077,Power County,ID,16,19
16079,Shoshone County,ID,16,3
16081,Teton County,ID,16,23
16083,Twin Falls County,ID,16,727
16085,Valley County,ID,16,22
17001,Adams County,IL,17,134
17003,Alexander County,IL,17,22
17005,Bond County,IL,17,17
17007,Boone County,IL,17,617
17009,Brown County,IL,17,10
17011,Bureau County,IL,17,31
17013,Calhoun County,IL,17,1
17015,Carroll County,IL,17,21
17017,Cass County,IL,17,136
17019,Champaign County,IL,17,973
17023,Clark County,IL,17,15
17027,Clinton County,IL,17,243
17029,Coles County,IL,17,179
17031,Cook County,IL,17,93053
17033,Crawford County,IL,17,18
17035,Cumberland County,IL,17,17
17037,DeKalb County,IL,17,587
17039,De Witt County,IL,17,12
17041,Douglas County,IL,17,54
17043,DuPage County,IL,17,9392
17045,Edgar County,IL,17,11
17047,Edwards County,IL,17,2
17049,Effingham County,IL,17,19
17051,Fayette County,IL,17,23
17053,Ford County,IL,17,40
17055,Franklin County,IL,17,34
17057,Fulton County,IL,17,15
17059,Gallatin County,IL,17,4
17061,Greene County,IL,17,8
17065,Hamilton County,IL,17,6
17067,Hancock County,IL,17,19
17069,Hardin County,IL,17,1
17071,Henderson County,IL,17,8
17073,Henry County,IL,17,98
17075,Iroquois County,IL,17,167
17077,Jackson County,IL,17,340
17079,Jasper County,IL,17,47
17081,Jefferson County,IL,17,107
17083,Jersey County,IL,17,36
17085,Jo Daviess County,IL,17,47
17087,Johnson County,IL,17,20
17089,Kane County,IL,17,7909
17091,Kankakee County,IL,17,1312
17093,Kendall County,IL,17,1006
17095,Knox County,IL,17,149
17097,Lake County,IL,17,10039
17101,Lawrence County,IL,17,8
17103,Lee County,IL,17,104
17105,Livingston County,IL,17,53
17107,Logan County,IL,17,18
17109,McDonough County,IL,17,102
17111,McHenry County,IL,17,2141
17115,Macon County,IL,17,238
17117,Macoupin County,IL,17,60
17123,Marshall County,IL,17,12
17127,Massac County,IL,17,15
17129,Menard County,IL,17,26
17131,Mercer County,IL,17,25
17133,Monroe County,IL,17,137
17135,Montgomery County,IL,17,56
17137,Morgan County,IL,17,132
17141,Ogle County,IL,17,278
17145,Perry County,IL,17,58
17147,Piatt County,IL,17,20
17149,Pike County,IL,17,4
17151,Pope County,IL,17,1
17153,Pulaski County,IL,17,80
17155,Putnam County,IL,17,1
17157,Randolph County,IL,17,288
17159,Richland County,IL,17,7
17161,Rock Island County,IL,17,1073
17163,St. Clair County,IL,17,2054
17165,Saline County,IL,17,10
17167,Sangamon County,IL,17,462
17169,Schuyler County,IL,17,13
17171,Scott County,IL,17,1
17173,Shelby County,IL,17,19
17175,Stark County,IL,17,6
17179,Tazewell County,IL,17,154
17181,Union County,IL,17,195
17185,Wabash County,IL,17,23
17189,Washington County,IL,17,24
17191,Wayne County,IL,17,15
17193,White County,IL,17,8
17195,Whiteside County,IL,17,200
17197,Will County,IL,17,6996
17199,Williamson County,IL,17,133
17201,Winnebago County,IL,17,3118
17203,Woodford County,IL,17,37
18001,Adams County,IN,18,50
18003,Allen County,IN,18,2815
18005,Bartholomew County,IN,18,589
18007,Benton County,IN,18,48
18009,Blackford County,IN,18,39
18011,Boone County,IN,18,449
18013,Brown County,IN,18,39
18015,Carroll County,IN,18,110
18017,Cass County,IN,18,1639
18019,Clark County,IN,18,660
18021,Clay County,IN,18,60
18023,Clinton County,IN,18,289
18025,Crawford County,IN,18,32
18027,Daviess County,IN,18,147
18029,Dearborn County,IN,18,233
18031,Decatur County,IN,18,255
18035,Delaware County,IN,18,450
18037,Dubois County,IN,18,283
18039,Elkhart County,IN,18,3320
18041,Fayette County,IN,18,101
18043,Floyd County,IN,18,382
18045,Fountain County,IN,18,32
18047,Franklin County,IN,18,126
18051,Gibson County,IN,18,87
18053,Grant County,IN,18,295
18055,Greene County,IN,18,190
18057,Hamilton County,IN,18,1596
18059,Hancock County,IN,18,449
18061,Harrison County,IN,18,216
18065,Henry County,IN,18,280
18067,Howard County,IN,18,580
18069,Huntington County,IN,18,78
18071,Jackson County,IN,18,472
18073,Jasper County,IN,18,121
18077,Jefferson County,IN,18,72
18079,Jennings County,IN,18,176
18081,Johnson County,IN,18,1288
18083,Knox County,IN,18,64
18085,Kosciusko County,IN,18,556
18087,LaGrange County,IN,18,471
18089,Lake County,IN,18,5212
18091,LaPorte County,IN,18,579
18095,Madison County,IN,18,663
18099,Marshall County,IN,18,492
18101,Martin County,IN,18,23
18103,Miami County,IN,18,184
18105,Monroe County,IN,18,301
18107,Montgomery County,IN,18,297
18109,Morgan County,IN,18,329
18111,Newton County,IN,18,99
18113,Noble County,IN,18,484
18117,Orange County,IN,18,135
18119,Owen County,IN,18,49
18121,Parke County,IN,18,23
18123,Perry County,IN,18,135
18125,Pike County,IN,18,11
18127,Porter County,IN,18,736
18129,Posey County,IN,18,44
18131,Pulaski County,IN,18,66
18133,Putnam County,IN,18,170
18135,Randolph County,IN,18,80
18137,Ripley County,IN,18,122
18139,Rush County,IN,18,58
18145,Shelby County,IN,18,430
18149,Starke County,IN,18,93
18151,Steuben County,IN,18,130
18153,Sullivan County,IN,18,45
18157,Tippecanoe County,IN,18,727
18159,Tipton County,IN,18,31
18161,Union County,IN,18,13
18167,Vigo County,IN,18,236
18169,Wabash County,IN,18,113
18171,Warren County,IN,18,14
18173,Warrick County,IN,18,221
18175,Washington County,IN,18,67
18177,Wayne County,IN,18,142
18179,Wells County,IN,18,75
18181,White County,IN,18,265
18183,Whitley County,IN,18,96
19001,Adair County,IA,19,16
19003,Adams County,IA,19,8
19005,Allamakee County,IA,19,131
19007,Appanoose County,IA,19,21
19009,Audubon County,IA,19,16
19011,Benton County,IA,19,68
19013,Black Hawk County,IA,19,2315
19017,Bremer County,IA,19,95
19019,Buchanan County,IA,19,55
19021,Buena Vista County,IA,19,1715
19023,Butler County,IA,19,58
19025,Calhoun County,IA,19,54
19029,Cass County,IA,19,24
19031,Cedar County,IA,19,85
19033,Cerro Gordo County,IA,19,184
19035,Cherokee County,IA,19,76
19037,Chickasaw County,IA,19,29
19039,Clarke County,IA,19,133
19041,Clay County,IA,19,134
19043,Clayton County,IA,19,44
19047,Crawford County,IA,19,677
19049,Dallas County,IA,19,1286
19051,Davis County,IA,19,41
19053,Decatur County,IA,19,12
19057,Des Moines County,IA,19,89
19059,Dickinson County,IA,19,266
19061,Dubuque County,IA,19,725
19065,Fayette County,IA,19,51
19067,Floyd County,IA,19,73
19069,Franklin County,IA,19,92
19071,Fremont County,IA,19,7
19073,Greene County,IA,19,30
19075,Grundy County,IA,19,39
19077,Guthrie County,IA,19,66
19081,Hancock County,IA,19,55
19083,Hardin County,IA,19,77
19085,Harrison County,IA,19,54
19087,Henry County,IA,19,86
19089,Howard County,IA,19,34
19091,Humboldt County,IA,19,55
19093,Ida County,IA,19,24
19095,Iowa County,IA,19,53
19097,Jackson County,IA,19,34
19099,Jasper County,IA,19,325
19101,Jefferson County,IA,19,62
19103,Johnson County,IA,19,1325
19105,Jones County,IA,19,61
19107,Keokuk County,IA,19,21
19109,Kossuth County,IA,19,36
19111,Lee County,IA,19,54
19115,Louisa County,IA,19,362
19119,Lyon County,IA,19,45
19121,Madison County,IA,19,48
19123,Mahaska County,IA,19,117
19125,Marion County,IA,19,71
19127,Marshall County,IA,19,1055
19129,Mills County,IA,19,37
19133,Monona County,IA,19,77
19135,Monroe County,IA,19,51
19137,Montgomery County,IA,19,10
19139,Muscatine County,IA,19,643
19141,O'Brien County,IA,19,88
19143,Osceola County,IA,19,62
19145,Page County,IA,19,21
19147,Palo Alto County,IA,19,41
19149,Plymouth County,IA,19,323
19151,Pocahontas County,IA,19,97
19153,Polk County,IA,19,6681
19155,Pottawattamie County,IA,19,737
19157,Poweshiek County,IA,19,107
19159,Ringgold County,IA,19,15
19161,Sac County,IA,19,64
19163,Scott County,IA,19,817
19165,Shelby County,IA,19,114
19167,Sioux County,IA,19,478
19169,Story County,IA,19,793
19171,Tama County,IA,19,467
19173,Taylor County,IA,19,79
19175,Union County,IA,19,29
19177,Van Buren County,IA,19,21
19179,Wapello County,IA,19,708
19181,Warren County,IA,19,291
19183,Washington County,IA,19,244
19187,Webster County,IA,19,245
19189,Winnebago County,IA,19,29
19191,Winneshiek County,IA,19,39
19193,Woodbury County,IA,19,3257
19195,Worth County,IA,19,20
19197,Wright County,IA,19,386
20001,Allen County,KS,20,5
20003,Anderson County,KS,20,5
20005,Atchison County,KS,20,40
20007,Barber County,KS,20,2
20009,Barton County,KS,20,55
20011,Bourbon County,KS,20,35
20013,Brown County,KS,20,12
20015,Butler County,KS,20,71
20017,Chase County,KS,20,5
20019,Chautauqua County,KS,20,4
20021,Cherokee County,KS,20,40
20023,Cheyenne County,KS,20,2
20025,Clark County,KS,20,34
20027,Clay County,KS,20,9
20029,Cloud County,KS,20,24
20035,Cowley County,KS,20,76
20037,Crawford County,KS,20,278
20039,Decatur County,KS,20,0
20041,Dickinson County,KS,20,10
20043,Doniphan County,KS,20,27
20045,Douglas County,KS,20,354
20047,Edwards County,KS,20,7
20049,Elk County,KS,20,1
20051,Ellis County,KS,20,30
20053,Ellsworth County,KS,20,10
20055,Finney County,KS,20,1584
20057,Ford County,KS,20,2016
20059,Franklin County,KS,20,77
20061,Geary County,KS,20,95
20063,Gove County,KS,20,2
20065,Graham County,KS,20,2
20067,Grant County,KS,20,51
20069,Gray County,KS,20,27
20071,Greeley County,KS,20,0
20073,Greenwood County,KS,20,11
20075,Hamilton County,KS,20,35
20077,Harper County,KS,20,2
20081,Haskell County,KS,20,30
20083,Hodgeman County,KS,20,9
20085,Jackson County,KS,20,116
20087,Jefferson County,KS,20,31
20089,Jewell County,KS,20,4
20091,Johnson County,KS,20,2356
20093,Kearny County,KS,20,48
20095,Kingman County,KS,20,1
20097,Kiowa County,KS,20,3
20099,Labette County,KS,20,66
20101,Lane County,KS,20,5
20103,Leavenworth County,KS,20,1194
20105,Lincoln County,KS,20,1
20107,Linn County,KS,20,17
20109,Logan County,KS,20,1
20111,Lyon County,KS,20,501
20113,McPherson County,KS,20,83
20115,Marion County,KS,20,12
20117,Marshall County,KS,20,2
20119,Meade County,KS,20,30
20121,Miami County,KS,20,46
20125,Montgomery County,KS,20,49
20127,Morris County,KS,20,5
20129,Morton County,KS,20,7
20131,Nemaha County,KS,20,28
20133,Neosho County,KS,20,35
20135,Ness County,KS,20,4
20137,Norton County,KS,20,10
20139,Osage County,KS,20,18
20141,Osborne County,KS,20,3
20145,Pawnee County,KS,20,3
20147,Phillips County,KS,20,27
20149,Pottawatomie County,KS,20,82
20151,Pratt County,KS,20,11
20153,Rawlins County,KS,20,0
20155,Reno County,KS,20,96
20157,Republic County,KS,20,9
20159,Rice County,KS,20,4
20161,Riley County,KS,20,286
20163,Rooks County,KS,20,8
20165,Rush County,KS,20,1
20167,Russell County,KS,20,2
20169,Saline County,KS,20,151
20171,Scott County,KS,20,16
20173,Sedgwick County,KS,20,1750
20175,Seward County,KS,20,1033
20177,Shawnee County,KS,20,825
20179,Sheridan County,KS,20,5
20181,Sherman County,KS,20,7
20183,Smith County,KS,20,3
20185,Stafford County,KS,20,1
20187,Stanton County,KS,20,12
20191,Sumner County,KS,20,16
20193,Thomas County,KS,20,16
20195,Trego County,KS,20,1
20197,Wabaunsee County,KS,20,36
20199,Wallace County,KS,20,0
20203,Wichita County,KS,20,0
20205,Wilson County,KS,20,4
20207,Woodson County,KS,20,9
20209,Wyandotte County,KS,20,2655
21001,Adair County,KY,21,130
21005,Anderson County,KY,21,29
21007,Ballard County,KY,21,15
21009,Barren County,KY,21,98
21011,Bath County,KY,21,18
21013,Bell County,KY,21,43
21017,Bourbon County,KY,21,35
21019,Boyd County,KY,21,71
21023,Bracken County,KY,21,17
21025,Breathitt County,KY,21,12
21027,Breckinridge County,KY,21,28
21029,Bullitt County,KY,21,165
21031,Butler County,KY,21,260
21035,Calloway County,KY,21,94
21039,Carlisle County,KY,21,7
21041,Carroll County,KY,21,63
21043,Carter County,KY,21,32
21045,Casey County,KY,21,29
21047,Christian County,KY,21,240
21051,Clay County,KY,21,76
21053,Clinton County,KY,21,6
21055,Crittenden County,KY,21,9
21057,Cumberland County,KY,21,6
21059,Daviess County,KY,21,467
21061,Edmonson County,KY,21,74
21063,Elliott County,KY,21,3
21069,Fleming County,KY,21,25
21073,Franklin County,KY,21,149
21075,Fulton County,KY,21,24
21077,Gallatin County,KY,21,65
21079,Garrard County,KY,21,29
21081,Grant County,KY,21,60
21083,Graves County,KY,21,233
21085,Grayson County,KY,21,140
21087,Green County,KY,21,8
21089,Greenup County,KY,21,40
21091,Hancock County,KY,21,19
21095,Harlan County,KY,21,32
21097,Harrison County,KY,21,79
21099,Hart County,KY,21,46
21101,Henderson County,KY,21,169
21103,Henry County,KY,21,39
21105,Hickman County,KY,21,7
21107,Hopkins County,KY,21,278
21109,Jackson County,KY,21,115
21111,Jefferson County,KY,21,4233
21113,Jessamine County,KY,21,118
21115,Johnson County,KY,21,10
21119,Knott County,KY,21,12
21121,Knox County,KY,21,81
21123,Larue County,KY,21,17
21125,Laurel County,KY,21,143
21127,Lawrence County,KY,21,11
21129,Lee County,KY,21,1
21131,Leslie County,KY,21,10
21133,Letcher County,KY,21,17
21135,Lewis County,KY,21,22
21137,Lincoln County,KY,21,39
21139,Livingston County,KY,21,11
21141,Logan County,KY,21,238
21143,Lyon County,KY,21,21
21145,McCracken County,KY,21,181
21147,McCreary County,KY,21,18
21151,Madison County,KY,21,152
21153,Magoffin County,KY,21,7
21155,Marion County,KY,21,57
21157,Marshall County,KY,21,65
21159,Martin County,KY,21,9
21161,Mason County,KY,21,39
21163,Meade County,KY,21,30
21165,Menifee County,KY,21,13
21167,Mercer County,KY,21,25
21169,Metcalfe County,KY,21,13
21171,Monroe County,KY,21,42
21173,Montgomery County,KY,21,61
21175,Morgan County,KY,21,11
21177,Muhlenberg County,KY,21,520
21179,Nelson County,KY,21,93
21181,Nicholas County,KY,21,9
21183,Ohio County,KY,21,201
21185,Oldham County,KY,21,149
21187,Owen County,KY,21,9
21189,Owsley County,KY,21,3
21191,Pendleton County,KY,21,21
21193,Perry County,KY,21,69
21195,Pike County,KY,21,107
21197,Powell County,KY,21,8
21199,Pulaski County,KY,21,106
21203,Rockcastle County,KY,21,27
21205,Rowan County,KY,21,23
21207,Russell County,KY,21,56
21209,Scott County,KY,21,107
21211,Shelby County,KY,21,528
21213,Simpson County,KY,21,80
21215,Spencer County,KY,21,40
21219,Todd County,KY,21,26
21221,Trigg County,KY,21,26
21223,Trimble County,KY,21,7
21225,Union County,KY,21,30
21227,Warren County,KY,21,1651
21229,Washington County,KY,21,27
21231,Wayne County,KY,21,20
21233,Webster County,KY,21,45
21235,Whitley County,KY,21,41
21237,Wolfe County,KY,21,4
21239,Woodford County,KY,21,75
22001,Acadia Parish,LA,22,1068
22005,Ascension Parish,LA,22,1412
22007,Assumption Parish,LA,22,390
22009,Avoyelles Parish,LA,22,402
22013,Bienville Parish,LA,22,244
22015,Bossier Parish,LA,22,1099
22017,Caddo Parish,LA,22,3835
22019,Calcasieu Parish,LA,22,2408
22021,Caldwell Parish,LA,22,113
22023,Cameron Parish,LA,22,85
22025,Catahoula Parish,LA,22,204
22027,Claiborne Parish,LA,22,133
22029,Concordia Parish,LA,22,126
22031,De Soto Parish,LA,22,390
22033,East Baton Rouge Parish,LA,22,6231
22035,East Carroll Parish,LA,22,446
22037,East Feliciana Parish,LA,22,329
22039,Evangeline Parish,LA,22,247
22041,Franklin Parish,LA,22,502
22043,Grant Parish,LA,22,103
22045,Iberia Parish,LA,22,995
22047,Iberville Parish,LA,22,759
22049,Jackson Parish,LA,22,220
22051,Jefferson Parish,LA,22,10272
22053,Jefferson Davis Parish,LA,22,507
22057,Lafourche Parish,LA,22,1339
22059,La Salle Parish,LA,22,109
22061,Lincoln Parish,LA,22,354
22063,Livingston Parish,LA,22,1267
22065,Madison Parish,LA,22,393
22069,Natchitoches Parish,LA,22,334
22071,Orleans Parish,LA,22,8206
22073,Ouachita Parish,LA,22,2730
22075,Plaquemines Parish,LA,22,288
22077,Pointe Coupee Parish,LA,22,308
22079,Rapides Parish,LA,22,1759
22081,Red River Parish,LA,22,65
22083,Richland Parish,LA,22,217
22085,Sabine Parish,LA,22,120
22089,St. Charles Parish,LA,22,816
22091,St. Helena Parish,LA,22,113
22093,St. James Parish,LA,22,413
22097,St. Landry Parish,LA,22,850
22099,St. Martin Parish,LA,22,897
22101,St. Mary Parish,LA,22,616
22103,St. Tammany Parish,LA,22,2738
22105,Tangipahoa Parish,LA,22,1624
22107,Tensas Parish,LA,22,28
22109,Terrebonne Parish,LA,22,1309
22111,Union Parish,LA,22,447
22115,Vernon Parish,LA,22,217
22117,Washington Parish,LA,22,754
22119,Webster Parish,LA,22,448
22121,West Baton Rouge Parish,LA,22,326
22123,West Carroll Parish,LA,22,155
22125,West Feliciana Parish,LA,22,252
23001,Androscoggin County,ME,23,499
23003,Aroostook County,ME,23,24
23005,Cumberland County,ME,23,1829
23007,Franklin County,ME,23,40
23009,Hancock County,ME,23,18
23011,Kennebec County,ME,23,147
23013,Knox County,ME,23,25
23015,Lincoln County,ME,23,25
23017,Oxford County,ME,23,43
23019,Penobscot County,ME,23,119
23021,Piscataquis County,ME,23,4
23023,Sagadahoc County,ME,23,34
23027,Waldo County,ME,23,58
23029,Washington County,ME,23,4
23031,York County,ME,23,558
24001,Allegany County,MD,24,210
24003,Anne Arundel County,MD,24,5305
24005,Baltimore County,MD,24,8381
24009,Calvert County,MD,24,422
24011,Caroline County,MD,24,323
24013,Carroll County,MD,24,1182
24015,Cecil County,MD,24,505
24017,Charles County,MD,24,1451
24019,Dorchester County,MD,24,199
24021,Frederick County,MD,24,2551
24023,Garrett County,MD,24,15
24025,Harford County,MD,24,1198
24027,Howard County,MD,24,2685
24029,Kent County,MD,24,204
24031,Montgomery County,MD,24,15332
24033,Prince George's County,MD,24,19182
24035,Queen Anne's County,MD,24,256
24037,St. Mary's County,MD,24,662
24039,Somerset County,MD,24,91
24041,Talbot County,MD,24,155
24047,Worcester County,MD,24,301
24510,Baltimore City,MD,24,8000
25001,Barnstable County,MA,25,1561
25003,Berkshire County,MA,25,604
25005,Bristol County,MA,25,8348
25007,Dukes County,MA,25,51
25009,Essex County,MA,25,16318
25011,Franklin County,MA,25,373
25013,Hampden County,MA,25,6895
25015,Hampshire County,MA,25,986
25019,Nantucket County,MA,25,20
25021,Norfolk County,MA,25,9306
25023,Plymouth County,MA,25,8757
25025,Suffolk County,MA,25,20048
25027,Worcester County,MA,25,12534
26001,Alcona County,MI,26,22
26003,Alger County,MI,26,4
26005,Allegan County,MI,26,346
26007,Alpena County,MI,26,123
26009,Antrim County,MI,26,23
26011,Arenac County,MI,26,38
26013,Baraga County,MI,26,5
26015,Barry County,MI,26,120
26017,Bay County,MI,26,407
26019,Benzie County,MI,26,11
26021,Berrien County,MI,26,939
26025,Calhoun County,MI,26,576
26027,Cass County,MI,26,172
26029,Charlevoix County,MI,26,30
26031,Cheboygan County,MI,26,28
26033,Chippewa County,MI,26,14
26035,Clare County,MI,26,30
26037,Clinton County,MI,26,263
26039,Crawford County,MI,26,81
26041,Delta County,MI,26,27
26043,Dickinson County,MI,26,15
26045,Eaton County,MI,26,347
26047,Emmet County,MI,26,32
26049,Genesee County,MI,26,2837
26051,Gladwin County,MI,26,27
26053,Gogebic County,MI,26,11
26055,Grand Traverse County,MI,26,70
26057,Gratiot County,MI,26,96
26059,Hillsdale County,MI,26,202
26061,Houghton County,MI,26,20
26063,Huron County,MI,26,68
26065,Ingham County,MI,26,1114
26067,Ionia County,MI,26,205
26069,Iosco County,MI,26,118
26071,Iron County,MI,26,6
26075,Jackson County,MI,26,528
26077,Kalamazoo County,MI,26,1131
26079,Kalkaska County,MI,26,41
26081,Kent County,MI,26,5380
26083,Keweenaw County,MI,26,1
26085,Lake County,MI,26,12
26087,Lapeer County,MI,26,308
26089,Leelanau County,MI,26,27
26091,Lenawee County,MI,26,239
26093,Livingston County,MI,26,600
26095,Luce County,MI,26,3
26097,Mackinac County,MI,26,9
26099,Macomb County,MI,26,7625
26101,Manistee County,MI,26,25
26103,Marquette County,MI,26,83
26105,Mason County,MI,26,66
26107,Mecosta County,MI,26,32
26109,Menominee County,MI,26,25
26111,Midland County,MI,26,172
26113,Missaukee County,MI,26,33
26115,Monroe County,MI,26,647
26117,Montcalm County,MI,26,111
26119,Montmorency County,MI,26,5
26121,Muskegon County,MI,26,867
26123,Newaygo County,MI,26,182
26125,Oakland County,MI,26,12320
26127,Oceana County,MI,26,354
26129,Ogemaw County,MI,26,42
26133,Osceola County,MI,26,41
26135,Oscoda County,MI,26,21
26137,Otsego County,MI,26,124
26139,Ottawa County,MI,26,1156
26141,Presque Isle County,MI,26,14
26143,Roscommon County,MI,26,29
26145,Saginaw County,MI,26,1342
26147,St. Clair County,MI,26,593
26149,St. Joseph County,MI,26,358
26151,Sanilac County,MI,26,54
26153,Schoolcraft County,MI,26,6
26155,Shiawassee County,MI,26,278
26157,Tuscola County,MI,26,238
26161,Washtenaw County,MI,26,1790
26163,Wayne County,MI,26,23435
26165,Wexford County,MI,26,47
27001,Aitkin County,MN,27,15
27003,Anoka County,MN,27,2266
27005,Becker County,MN,27,57
27007,Beltrami County,MN,27,34
27009,Benton County,MN,27,220
27011,Big Stone County,MN,27,15
27015,Brown County,MN,27,34
27017,Carlton County,MN,27,87
27021,Cass County,MN,27,16
27023,Chippewa County,MN,27,79
27025,Chisago County,MN,27,102
27027,Clay County,MN,27,591
27029,Clearwater County,MN,27,9
27031,Cook County,MN,27,1
27033,Cottonwood County,MN,27,136
27035,Crow Wing County,MN,27,108
27037,Dakota County,MN,27,2421
27039,Dodge County,MN,27,88
27041,Douglas County,MN,27,65
27043,Faribault County,MN,27,60
27045,Fillmore County,MN,27,30
27047,Freeborn County,MN,27,297
27049,Goodhue County,MN,27,131
27051,Grant County,MN,27,17
27053,Hennepin County,MN,27,12597
27055,Houston County,MN,27,27
27057,Hubbard County,MN,27,8
27059,Isanti County,MN,27,75
27061,Itasca County,MN,27,64
27063,Jackson County,MN,27,55
27065,Kanabec County,MN,27,15
27067,Kandiyohi County,MN,27,578
27069,Kittson County,MN,27,2
27071,Koochiching County,MN,27,18
27073,Lac Qui Parle County,MN,27,4
27075,Lake County,MN,27,6
27077,Lake of the Woods County,MN,27,0
27079,Le Sueur County,MN,27,108
27081,Lincoln County,MN,27,10
27083,Lyon County,MN,27,327
27085,McLeod County,MN,27,92
27087,Mahnomen County,MN,27,10
27089,Marshall County,MN,27,12
27091,Martin County,MN,27,171
27093,Meeker County,MN,27,61
27095,Mille Lacs County,MN,27,34
27097,Morrison County,MN,27,61
27099,Mower County,MN,27,960
27101,Murray County,MN,27,65
27103,Nicollet County,MN,27,173
27105,Nobles County,MN,27,1672
27107,Norman County,MN,27,20
27109,Olmsted County,MN,27,1147
27111,Otter Tail County,MN,27,100
27115,Pine County,MN,27,107
27117,Pipestone County,MN,27,59
27119,Polk County,MN,27,82
27121,Pope County,MN,27,12
27123,Ramsey County,MN,27,4963
27125,Red Lake County,MN,27,4
27127,Redwood County,MN,27,19
27129,Renville County,MN,27,36
27131,Rice County,MN,27,848
27133,Rock County,MN,27,31
27135,Roseau County,MN,27,17
27137,St. Louis County,MN,27,196
27139,Scott County,MN,27,762
27141,Sherburne County,MN,27,325
27143,Sibley County,MN,27,54
27145,Stearns County,MN,27,2414
27147,Steele County,MN,27,237
27149,Stevens County,MN,27,5
27151,Swift County,MN,27,22
27153,Todd County,MN,27,401
27155,Traverse County,MN,27,5
27157,Wabasha County,MN,27,33
27159,Wadena County,MN,27,15
27161,Waseca County,MN,27,71
27163,Washington County,MN,27,1137
27165,Watonwan County,MN,27,238
27167,Wilkin County,MN,27,21
27169,Winona County,MN,27,129
27171,Wright County,MN,27,483
27173,Yellow Medicine County,MN,27,30
28001,Adams County,MS,28,315
28003,Alcorn County,MS,28,74
28005,Amite County,MS,28,104
28007,Attala County,MS,28,365
28009,Benton County,MS,28,42
28011,Bolivar County,MS,28,356
28015,Carroll County,MS,28,168
28017,Chickasaw County,MS,28,287
28019,Choctaw County,MS,28,75
28023,Clarke County,MS,28,210
28025,Clay County,MS,28,249
28027,Coahoma County,MS,28,205
28029,Copiah County,MS,28,620
28031,Covington County,MS,28,375
28033,DeSoto County,MS,28,1724
28035,Forrest County,MS,28,916
28037,Franklin County,MS,28,45
28039,George County,MS,28,91
28041,Greene County,MS,28,105
28043,Grenada County,MS,28,506
28045,Hancock County,MS,28,134
28047,Harrison County,MS,28,969
28049,Hinds County,MS,28,2591
28051,Holmes County,MS,28,560
28055,Issaquena County,MS,28,10
28057,Itawamba County,MS,28,137
28059,Jackson County,MS,28,689
28061,Jasper County,MS,28,267
28065,Jefferson Davis County,MS,28,113
28067,Jones County,MS,28,1140
28069,Kemper County,MS,28,179
28071,Lafayette County,MS,28,409
28073,Lamar County,MS,28,491
28075,Lauderdale County,MS,28,922
28077,Lawrence County,MS,28,187
28079,Leake County,MS,28,589
28081,Lee County,MS,28,562
28083,Leflore County,MS,28,500
28085,Lincoln County,MS,28,484
28087,Lowndes County,MS,28,509
28089,Madison County,MS,28,1326
28091,Marion County,MS,28,300
28093,Marshall County,MS,28,258
28095,Monroe County,MS,28,425
28097,Montgomery County,MS,28,139
28099,Neshoba County,MS,28,1004
28103,Noxubee County,MS,28,272
28105,Oktibbeha County,MS,28,552
28107,Panola County,MS,28,364
28109,Pearl River County,MS,28,265
28111,Perry County,MS,28,72
28113,Pike County,MS,28,454
28115,Pontotoc County,MS,28,304
28117,Prentiss County,MS,28,110
28119,Quitman County,MS,28,81
28123,Scott County,MS,28,779
28125,Sharkey County,MS,28,37
28127,Simpson County,MS,28,345
28129,Smith County,MS,28,229
28135,Tallahatchie County,MS,28,145
28137,Tate County,MS,28,310
28139,Tippah County,MS,28,138
28141,Tishomingo County,MS,28,89
28143,Tunica County,MS,28,113
28145,Union County,MS,28,218
28147,Walthall County,MS,28,205
28149,Warren County,MS,28,532
28151,Washington County,MS,28,617
28153,Wayne County,MS,28,545
28155,Webster County,MS,28,127
28157,Wilkinson County,MS,28,93
28159,Winston County,MS,28,280
28161,Yalobusha County,MS,28,180
28163,Yazoo County,MS,28,523
29001,Adair County,MO,29,95
29003,Andrew County,MO,29,59
29005,Atchison County,MO,29,6
29007,Audrain County,MO,29,139
29009,Barry County,MO,29,81
29011,Barton County,MO,29,30
29013,Bates County,MO,29,12
29015,Benton County,MO,29,20
29017,Bollinger County,MO,29,16
29021,Buchanan County,MO,29,911
29023,Butler County,MO,29,111
29025,Caldwell County,MO,29,12
29027,Callaway County,MO,29,61
29029,Camden County,MO,29,74
29031,Cape Girardeau County,MO,29,252
29033,Carroll County,MO,29,20
29035,Carter County,MO,29,6
29037,Cass County,MO,29,169
29039,Cedar County,MO,29,12
29041,Chariton County,MO,29,6
29043,Christian County,MO,29,54
29047,Clay County,MO,29,510
29049,Clinton County,MO,29,29
29053,Cooper County,MO,29,23
29055,Crawford County,MO,29,18
29057,Dade County,MO,29,1
29059,Dallas County,MO,29,15
29061,Daviess County,MO,29,10
29063,DeKalb County,MO,29,15
29065,Dent County,MO,29,5
29067,Douglas County,MO,29,6
29069,Dunklin County,MO,29,116
29071,Franklin County,MO,29,231
29073,Gasconade County,MO,29,12
29075,Gentry County,MO,29,63
29077,Greene County,MO,29,373
29079,Grundy County,MO,29,20
29081,Harrison County,MO,29,19
29083,Henry County,MO,29,20
29085,Hickory County,MO,29,0
29087,Holt County,MO,29,1
29089,Howard County,MO,29,5
29091,Howell County,MO,29,44
29093,Iron County,MO,29,3
29095,Jackson County (including other portions of Kansas City),MO,29,4211
29097,Jasper County,MO,29,833
29099,Jefferson County,MO,29,514
29103,Knox County,MO,29,2
29105,Laclede County,MO,29,57
29107,Lafayette County,MO,29,94
29109,Lawrence County,MO,29,48
29111,Lewis County,MO,29,8
29113,Lincoln County,MO,29,105
29115,Linn County,MO,29,19
29117,Livingston County,MO,29,21
29119,McDonald County,MO,29,652
29121,Macon County,MO,29,10
29123,Madison County,MO,29,7
29125,Maries County,MO,29,6
29127,Marion County,MO,29,26
29129,Mercer County,MO,29,6
29131,Miller County,MO,29,20
29135,Moniteau County,MO,29,65
29137,Monroe County,MO,29,5
29139,Montgomery County,MO,29,21
29141,Morgan County,MO,29,22
29143,New Madrid County,MO,29,45
29145,Newton County,MO,29,502
29147,Nodaway County,MO,29,24
29151,Osage County,MO,29,10
29153,Ozark County,MO,29,2
29155,Pemiscot County,MO,29,114
29157,Perry County,MO,29,163
29159,Pettis County,MO,29,136
29161,Phelps County,MO,29,48
29163,Pike County,MO,29,37
29165,Platte County,MO,29,135
29167,Polk County,MO,29,16
29169,Pulaski County,MO,29,130
29171,Putnam County,MO,29,4
29173,Ralls County,MO,29,10
29175,Randolph County,MO,29,13
29177,Ray County,MO,29,29
29179,Reynolds County,MO,29,2
29181,Ripley County,MO,29,19
29185,St. Clair County,MO,29,2
29186,Ste. Genevieve County,MO,29,20
29189,St. Louis County,MO,29,6845
29195,Saline County,MO,29,290
29197,Schuyler County,MO,29,5
29199,Scotland County,MO,29,11
29201,Scott County,MO,29,188
29203,Shannon County,MO,29,22
29205,Shelby County,MO,29,4
29207,Stoddard County,MO,29,146
29211,Sullivan County,MO,29,119
29213,Taney County,MO,29,105
29215,Texas County,MO,29,9
29217,Vernon County,MO,29,26
29219,Warren County,MO,29,54
29221,Washington County,MO,29,25
29223,Wayne County,MO,29,5
29227,Worth County,MO,29,4
29229,Wright County,MO,29,29
29510,City of St. Louis,MO,29,2589
30001,Beaverhead County,MT,30,2
30003,Big Horn County,MT,30,99
30005,Blaine County,MT,30,0
30007,Broadwater County,MT,30,5
30009,Carbon County,MT,30,29
30011,Carter County,MT,30,0
30013,Cascade County,MT,30,36
30017,Custer County,MT,30,30
30019,Daniels County,MT,30,0
30021,Dawson County,MT,30,9
30023,Deer Lodge County,MT,30,5
30025,Fallon County,MT,30,0
30029,Flathead County,MT,30,65
30031,Gallatin County,MT,30,312
30033,Garfield County,MT,30,0
30037,Golden Valley County,MT,30,3
30039,Granite County,MT,30,4
30041,Hill County,MT,30,7
30043,Jefferson County,MT,30,4
30045,Judith Basin County,MT,30,0
30047,Lake County,MT,30,23
30049,Lewis and Clark County,MT,30,37
30051,Liberty County,MT,30,1
30053,Lincoln County,MT,30,9
30055,McCone County,MT,30,0
30057,Madison County,MT,30,20
30059,Meagher County,MT,30,2
30061,Mineral County,MT,30,0
30063,Missoula County,MT,30,123
30065,Musselshell County,MT,30,1
30067,Park County,MT,30,17
30069,Petroleum County,MT,30,0
30071,Phillips County,MT,30,0
30073,Pondera County,MT,30,2
30075,Powder River County,MT,30,0
30077,Powell County,MT,30,0
30079,Prairie County,MT,30,0
30081,Ravalli County,MT,30,39
30083,Richland County,MT,30,22
30085,Roosevelt County,MT,30,7
30087,Rosebud County,MT,30,10
30089,Sanders County,MT,30,0
30091,Sheridan County,MT,30,1
30093,Silver Bow County,MT,30,19
30095,Stillwater County,MT,30,7
30097,Sweet Grass County,MT,30,0
30099,Teton County,MT,30,10
30101,Toole County,MT,30,31
30105,Valley County,MT,30,4
30107,Wheatland County,MT,30,2
30109,Wibaux County,MT,30,0
30111,Yellowstone County,MT,30,326
31001,Adams County,NE,31,302
31003,Antelope County,NE,31,9
31005,Arthur County,NE,31,0
31007,Banner County,NE,31,2
31009,Blaine County,NE,31,0
31011,Boone County,NE,31,7
31013,Box Butte County,NE,31,3
31015,Boyd County,NE,31,1
31017,Brown County,NE,31,0
31019,Buffalo County,NE,31,196
31023,Butler County,NE,31,51
31025,Cass County,NE,31,74
31027,Cedar County,NE,31,17
31029,Chase County,NE,31,1
31031,Cherry County,NE,31,2
31033,Cheyenne County,NE,31,19
31035,Clay County,NE,31,28
31037,Colfax County,NE,31,671
31039,Cuming County,NE,31,37
31043,Dakota County,NE,31,1776
31045,Dawes County,NE,31,5
31047,Dawson County,NE,31,863
31049,Deuel County,NE,31,0
31051,Dixon County,NE,31,52
31053,Dodge County,NE,31,698
31055,Douglas County,NE,31,7596
31057,Dundy County,NE,31,0
31059,Fillmore County,NE,31,15
31061,Franklin County,NE,31,8
31063,Frontier County,NE,31,1
31065,Furnas County,NE,31,10
31067,Gage County,NE,31,58
31069,Garden County,NE,31,4
31073,Gosper County,NE,31,13
31075,Grant County,NE,31,0
31077,Greeley County,NE,31,5
31079,Hall County,NE,31,1606
31081,Hamilton County,NE,31,67
31083,Harlan County,NE,31,1
31085,Hayes County,NE,31,0
31089,Holt County,NE,31,3
31091,Hooker County,NE,31,2
31093,Howard County,NE,31,44
31095,Jefferson County,NE,31,10
31097,Johnson County,NE,31,7
31099,Kearney County,NE,31,17
31101,Keith County,NE,31,4
31103,Keya Paha County,NE,31,0
31107,Knox County,NE,31,25
31109,Lancaster County,NE,31,1897
31111,Lincoln County,NE,31,63
31113,Logan County,NE,31,0
31115,Loup County,NE,31,0
31117,McPherson County,NE,31,0
31119,Madison County,NE,31,376
31121,Merrick County,NE,31,39
31125,Nance County,NE,31,4
31127,Nemaha County,NE,31,5
31129,Nuckolls County,NE,31,1
31131,Otoe County,NE,31,25
31133,Pawnee County,NE,31,0
31135,Perkins County,NE,31,0
31137,Phelps County,NE,31,27
31139,Pierce County,NE,31,9
31141,Platte County,NE,31,672
31143,Polk County,NE,31,13
31145,Red Willow County,NE,31,8
31147,Richardson County,NE,31,5
31149,Rock County,NE,31,2
31151,Saline County,NE,31,540
31153,Sarpy County,NE,31,1259
31155,Saunders County,NE,31,81
31157,Scotts Bluff County,NE,31,229
31159,Seward County,NE,31,44
31163,Sherman County,NE,31,5
31165,Sioux County,NE,31,6
31167,Stanton County,NE,31,21
31169,Thayer County,NE,31,1
31171,Thomas County,NE,31,1
31173,Thurston County,NE,31,166
31175,Valley County,NE,31,8
31177,Washington County,NE,31,50
31179,Wayne County,NE,31,28
31181,Webster County,NE,31,7
31183,Wheeler County,NE,31,0
31185,York County,NE,31,47
32001,Churchill County,NV,32,20
32003,Clark County,NV,32,19654
32005,Douglas County,NV,32,76
32007,Elko County,NV,32,162
32009,Esmeralda County,NV,32,0
32011,Eureka County,NV,32,1
32013,Humboldt County,NV,32,86
32015,Lander County,NV,32,38
32017,Lincoln County,NV,32,2
32019,Lyon County,NV,32,132
32021,Mineral County,NV,32,5
32027,Pershing County,NV,32,9
32029,Storey County,NV,32,2
32031,Washoe County,NV,32,3260
32033,White Pine County,NV,32,6
32510,Carson City,NV,32,182
33001,Belknap County,NH,33,86
33003,Carroll County,NH,33,64
33005,Cheshire County,NH,33,74
33007,Coos County,NH,33,9
33009,Grafton County,NH,33,88
33011,Hillsborough County,NH,33,3361
33013,Merrimack County,NH,33,420
33015,Rockingham County,NH,33,1499
33017,Strafford County,NH,33,295
33019,Sullivan County,NH,33,35
34001,Atlantic County,NJ,34,2961
34003,Bergen County,NJ,34,19676
34005,Burlington County,NJ,34,5295
34007,Camden County,NJ,34,7536
34011,Cumberland County,NJ,34,3029
34013,Essex County,NJ,34,18918
34015,Gloucester County,NJ,34,2671
34017,Hudson County,NJ,34,19016
34019,Hunterdon County,NJ,34,1090
34021,Mercer County,NJ,34,7756
34023,Middlesex County,NJ,34,16966
34025,Monmouth County,NJ,34,9346
34029,Ocean County,NJ,34,9738
34031,Passaic County,NJ,34,16974
34033,Salem County,NJ,34,807
34035,Somerset County,NJ,34,4945
34037,Sussex County,NJ,34,1214
34041,Warren County,NJ,34,1258
35001,Bernalillo County,NM,35,2618
35003,Catron County,NM,35,2
35005,Chaves County,NM,35,133
35006,Cibola County,NM,35,242
35007,Colfax County,NM,35,9
35011,De Baca County,NM,35,0
35013,Dona Ana County,NM,35,1233
35015,Eddy County,NM,35,107
35019,Guadalupe County,NM,35,20
35021,Harding County,NM,35,1
35023,Hidalgo County,NM,35,61
35025,Lea County,NM,35,211
35027,Lincoln County,NM,35,14
35028,Los Alamos County,NM,35,11
35029,Luna County,NM,35,112
35031,McKinley County,NM,35,3525
35033,Mora County,NM,35,0
35035,Otero County,NM,35,63
35037,Quay County,NM,35,8
35041,Roosevelt County,NM,35,74
35043,Sandoval County,NM,35,776
35045,San Juan County,NM,35,2594
35047,San Miguel County,NM,35,23
35049,Santa Fe County,NM,35,283
35051,Sierra County,NM,35,14
35053,Socorro County,NM,35,61
35055,Taos County,NM,35,49
35057,Torrance County,NM,35,48
35059,Union County,NM,35,8
35061,Valencia County,NM,35,155
36001,Albany County,NY,36,2164
36003,Allegany County,NY,36,63
36005,Bronx County,NY,36,48038
36007,Broome County,NY,36,762
36009,Cattaraugus County,NY,36,128
36011,Cayuga County,NY,36,122
36013,Chautauqua County,NY,36,135
36015,Chemung County,NY,36,147
36017,Chenango County,NY,36,157
36019,Clinton County,NY,36,105
36021,Columbia County,NY,36,479
36023,Cortland County,NY,36,53
36025,Delaware County,NY,36,91
36027,Dutchess County,NY,36,4248
36029,Erie County,NY,36,7544
36031,Essex County,NY,36,49
36033,Franklin County,NY,36,33
36035,Fulton County,NY,36,262
36037,Genesee County,NY,36,242
36041,Hamilton County,NY,36,6
36043,Herkimer County,NY,36,181
36045,Jefferson County,NY,36,94
36047,Kings County,NY,36,60281
36049,Lewis County,NY,36,31
36051,Livingston County,NY,36,134
36053,Madison County,NY,36,367
36057,Montgomery County,NY,36,121
36059,Nassau County,NY,36,42088
36061,New York County,NY,36,28920
36063,Niagara County,NY,36,1297
36065,Oneida County,NY,36,1760
36067,Onondaga County,NY,36,2997
36069,Ontario County,NY,36,283
36071,Orange County,NY,36,10798
36077,Otsego County,NY,36,86
36081,Queens County,NY,36,66024
36083,Rensselaer County,NY,36,578
36087,Rockland County,NY,36,13668
36089,St. Lawrence County,NY,36,226
36093,Schenectady County,NY,36,843
36097,Schuyler County,NY,36,13
36099,Seneca County,NY,36,71
36103,Suffolk County,NY,36,41730
36105,Sullivan County,NY,36,1459
36107,Tioga County,NY,36,150
36109,Tompkins County,NY,36,179
36113,Warren County,NY,36,273
36115,Washington County,NY,36,247
36117,Wayne County,NY,36,191
36119,Westchester County,NY,36,35106
36121,Wyoming County,NY,36,97
36123,Yates County,NY,36,48
37001,Alamance County,NC,37,1309
37003,Alexander County,NC,37,134
37009,Ashe County,NC,37,60
37011,Avery County,NC,37,18
37013,Beaufort County,NC,37,110
37015,Bertie County,NC,37,151
37017,Bladen County,NC,37,406
37019,Brunswick County,NC,37,677
37021,Buncombe County,NC,37,711
37023,Burke County,NC,37,1129
37025,Cabarrus County,NC,37,1399
37029,Camden County,NC,37,33
37031,Carteret County,NC,37,110
37033,Caswell County,NC,37,147
37035,Catawba County,NC,37,1018
37037,Chatham County,NC,37,999
37039,Cherokee County,NC,37,48
37041,Chowan County,NC,37,30
37045,Cleveland County,NC,37,407
37047,Columbus County,NC,37,570
37049,Craven County,NC,37,405
37051,Cumberland County,NC,37,1402
37053,Currituck County,NC,37,21
37057,Davidson County,NC,37,1114
37059,Davie County,NC,37,234
37061,Duplin County,NC,37,1595
37063,Durham County,NC,37,4148
37065,Edgecombe County,NC,37,352
37069,Franklin County,NC,37,403
37071,Gaston County,NC,37,1443
37073,Gates County,NC,37,27
37075,Graham County,NC,37,10
37077,Granville County,NC,37,850
37079,Greene County,NC,37,192
37085,Harnett County,NC,37,712
37087,Haywood County,NC,37,107
37089,Henderson County,NC,37,738
37091,Hertford County,NC,37,174
37093,Hoke County,NC,37,415
37095,Hyde County,NC,37,20
37097,Iredell County,NC,37,945
37101,Johnston County,NC,37,1789
37103,Jones County,NC,37,39
37105,Lee County,NC,37,875
37109,Lincoln County,NC,37,334
37111,McDowell County,NC,37,280
37113,Macon County,NC,37,293
37115,Madison County,NC,37,15
37117,Martin County,NC,37,148
37119,Mecklenburg County,NC,37,13317
37121,Mitchell County,NC,37,51
37123,Montgomery County,NC,37,358
37125,Moore County,NC,37,543
37127,Nash County,NC,37,552
37129,New Hanover County,NC,37,1161
37131,Northampton County,NC,37,189
37133,Onslow County,NC,37,359
37137,Pamlico County,NC,37,26
37139,Pasquotank County,NC,37,225
37141,Pender County,NC,37,303
37143,Perquimans County,NC,37,37
37145,Person County,NC,37,123
37147,Pitt County,NC,37,844
37149,Polk County,NC,37,89
37151,Randolph County,NC,37,1330
37153,Richmond County,NC,37,326
37155,Robeson County,NC,37,1383
37157,Rockingham County,NC,37,267
37159,Rowan County,NC,37,1361
37161,Rutherford County,NC,37,352
37163,Sampson County,NC,37,1117
37165,Scotland County,NC,37,152
37167,Stanly County,NC,37,481
37171,Surry County,NC,37,525
37173,Swain County,NC,37,61
37175,Transylvania County,NC,37,37
37177,Tyrrell County,NC,37,19
37179,Union County,NC,37,1551
37181,Vance County,NC,37,532
37183,Wake County,NC,37,6299
37185,Warren County,NC,37,174
37189,Watauga County,NC,37,104
37191,Wayne County,NC,37,1926
37193,Wilkes County,NC,37,592
37195,Wilson County,NC,37,800
37197,Yadkin County,NC,37,357
37199,Yancey County,NC,37,51
38001,Adams County,ND,38,0
38003,Barnes County,ND,38,23
38005,Benson County,ND,38,5
38007,Billings County,ND,38,1
38009,Bottineau County,ND,38,5
38011,Bowman County,ND,38,1
38013,Burke County,ND,38,6
38015,Burleigh County,ND,38,343
38017,Cass County,ND,38,2358
38019,Cavalier County,ND,38,6
38021,Dickey County,ND,38,4
38025,Dunn County,ND,38,15
38027,Eddy County,ND,38,5
38029,Emmons County,ND,38,4
38031,Foster County,ND,38,2
38035,Grand Forks County,ND,38,408
38037,Grant County,ND,38,3
38039,Griggs County,ND,38,2
38041,Hettinger County,ND,38,1
38043,Kidder County,ND,38,2
38045,LaMoure County,ND,38,13
38047,Logan County,ND,38,0
38049,McHenry County,ND,38,5
38051,McIntosh County,ND,38,2
38053,McKenzie County,ND,38,28
38055,McLean County,ND,38,11
38057,Mercer County,ND,38,7
38059,Morton County,ND,38,109
38061,Mountrail County,ND,38,54
38063,Nelson County,ND,38,1
38065,Oliver County,ND,38,2
38067,Pembina County,ND,38,11
38069,Pierce County,ND,38,5
38071,Ramsey County,ND,38,12
38073,Ransom County,ND,38,19
38075,Renville County,ND,38,5
38077,Richland County,ND,38,43
38079,Rolette County,ND,38,11
38081,Sargent County,ND,38,7
38083,Sheridan County,ND,38,1
38085,Sioux County,ND,38,26
38087,Slope County,ND,38,3
38089,Stark County,ND,38,82
38091,Steele County,ND,38,3
38093,Stutsman County,ND,38,65
38095,Towner County,ND,38,1
38099,Walsh County,ND,38,30
38101,Ward County,ND,38,66
38103,Wells County,ND,38,9
38105,Williams County,ND,38,50
39001,Adams County,OH,39,24
39003,Allen County,OH,39,323
39007,Ashtabula County,OH,39,436
39009,Athens County,OH,39,63
39013,Belmont County,OH,39,554
39015,Brown County,OH,39,58
39017,Butler County,OH,39,1637
39019,Carroll County,OH,39,59
39021,Champaign County,OH,39,41
39023,Clark County,OH,39,772
39025,Clermont County,OH,39,422
39027,Clinton County,OH,39,68
39029,Columbiana County,OH,39,1306
39031,Coshocton County,OH,39,127
39033,Crawford County,OH,39,136
39035,Cuyahoga County,OH,39,8048
39037,Darke County,OH,39,253
39039,Defiance County,OH,39,51
39041,Delaware County,OH,39,588
39043,Erie County,OH,39,246
39045,Fairfield County,OH,39,585
39047,Fayette County,OH,39,46
39049,Franklin County,OH,39,10587
39051,Fulton County,OH,39,62
39057,Greene County,OH,39,276
39059,Guernsey County,OH,39,74
39061,Hamilton County,OH,39,6158
39063,Hancock County,OH,39,79
39065,Hardin County,OH,39,123
39067,Harrison County,OH,39,12
39069,Henry County,OH,39,30
39071,Highland County,OH,39,45
39073,Hocking County,OH,39,78
39075,Holmes County,OH,39,239
39077,Huron County,OH,39,223
39079,Jackson County,OH,39,24
39081,Jefferson County,OH,39,91
39083,Knox County,OH,39,52
39085,Lake County,OH,39,508
39089,Licking County,OH,39,496
39091,Logan County,OH,39,64
39093,Lorain County,OH,39,1051
39095,Lucas County,OH,39,2788
39097,Madison County,OH,39,199
39099,Mahoning County,OH,39,1849
39101,Marion County,OH,39,2734
39103,Medina County,OH,39,536
39105,Meigs County,OH,39,12
39107,Mercer County,OH,39,287
39109,Miami County,OH,39,472
39111,Monroe County,OH,39,89
39113,Montgomery County,OH,39,2134
39117,Morrow County,OH,39,117
39119,Muskingum County,OH,39,86
39121,Noble County,OH,39,11
39123,Ottawa County,OH,39,150
39125,Paulding County,OH,39,26
39127,Perry County,OH,39,35
39129,Pickaway County,OH,39,2201
39131,Pike County,OH,39,24
39133,Portage County,OH,39,449
39135,Preble County,OH,39,78
39137,Putnam County,OH,39,129
39139,Richland County,OH,39,347
39141,Ross County,OH,39,130
39143,Sandusky County,OH,39,137
39145,Scioto County,OH,39,45
39147,Seneca County,OH,39,34
39149,Shelby County,OH,39,69
39151,Stark County,OH,39,1133
39153,Summit County,OH,39,2175
39155,Trumbull County,OH,39,974
39157,Tuscarawas County,OH,39,568
39159,Union County,OH,39,89
39161,Van Wert County,OH,39,38
39163,Vinton County,OH,39,22
39165,Warren County,OH,39,881
39167,Washington County,OH,39,135
39169,Wayne County,OH,39,363
39171,Williams County,OH,39,72
39175,Wyandot County,OH,39,59
40001,Adair County,OK,40,129
40003,Alfalfa County,OK,40,1
40005,Atoka County,OK,40,29
40007,Beaver County,OK,40,32
40009,Beckham County,OK,40,13
40011,Blaine County,OK,40,18
40013,Bryan County,OK,40,136
40015,Caddo County,OK,40,200
40017,Canadian County,OK,40,387
40021,Cherokee County,OK,40,95
40025,Cimarron County,OK,40,1
40027,Cleveland County,OK,40,1157
40029,Coal County,OK,40,10
40031,Comanche County,OK,40,457
40035,Craig County,OK,40,22
40037,Creek County,OK,40,185
40039,Custer County,OK,40,67
40041,Delaware County,OK,40,199
40045,Ellis County,OK,40,1
40047,Garfield County,OK,40,84
40049,Garvin County,OK,40,94
40051,Grady County,OK,40,206
40053,Grant County,OK,40,2
40055,Greer County,OK,40,66
40057,Harmon County,OK,40,3
40059,Harper County,OK,40,1
40061,Haskell County,OK,40,13
40065,Jackson County,OK,40,53
40067,Jefferson County,OK,40,13
40069,Johnston County,OK,40,13
40071,Kay County,OK,40,113
40073,Kingfisher County,OK,40,36
40075,Kiowa County,OK,40,14
40077,Latimer County,OK,40,15
40079,Le Flore County,OK,40,39
40081,Lincoln County,OK,40,37
40085,Love County,OK,40,39
40087,McClain County,OK,40,216
40089,McCurtain County,OK,40,569
40091,McIntosh County,OK,40,69
40093,Major County,OK,40,8
40095,Marshall County,OK,40,41
40097,Mayes County,OK,40,102
40099,Murray County,OK,40,23
40101,Muskogee County,OK,40,153
40103,Noble County,OK,40,48
40105,Nowata County,OK,40,37
40107,Okfuskee County,OK,40,16
40109,Oklahoma County,OK,40,3819
40111,Okmulgee County,OK,40,104
40113,Osage County,OK,40,187
40115,Ottawa County,OK,40,120
40117,Pawnee County,OK,40,60
40119,Payne County,OK,40,452
40121,Pittsburg County,OK,40,67
40123,Pontotoc County,OK,40,51
40125,Pottawatomie County,OK,40,121
40127,Pushmataha County,OK,40,17
40129,Roger Mills County,OK,40,0
40131,Rogers County,OK,40,262
40133,Seminole County,OK,40,46
40135,Sequoyah County,OK,40,52
40137,Stephens County,OK,40,70
40141,Tillman County,OK,40,25
40143,Tulsa County,OK,40,4365
40147,Washington County,OK,40,431
40149,Washita County,OK,40,6
40151,Woods County,OK,40,8
40153,Woodward County,OK,40,15
41001,Baker County,OR,41,5
41003,Benton County,OR,41,97
41005,Clackamas County,OR,41,877
41007,Clatsop County,OR,41,54
41009,Columbia County,OR,41,44
41011,Coos County,OR,41,46
41013,Crook County,OR,41,14
41015,Curry County,OR,41,8
41017,Deschutes County,OR,41,221
41019,Douglas County,OR,41,54
41021,Gilliam County,OR,41,1
41025,Harney County,OR,41,1
41027,Hood River County,OR,41,97
41029,Jackson County,OR,41,152
41031,Jefferson County,OR,41,136
41033,Josephine County,OR,41,59
41037,Lake County,OR,41,22
41039,Lane County,OR,41,243
41041,Lincoln County,OR,41,346
41043,Linn County,OR,41,157
41047,Marion County,OR,41,1683
41049,Morrow County,OR,41,109
41051,Multnomah County,OR,41,2580
41053,Polk County,OR,41,166
41055,Sherman County,OR,41,3
41057,Tillamook County,OR,41,15
41059,Umatilla County,OR,41,792
41061,Union County,OR,41,361
41063,Wallowa County,OR,41,11
41065,Wasco County,OR,41,96
41067,Washington County,OR,41,1645
41069,Wheeler County,OR,41,0
41071,Yamhill County,OR,41,155
42001,Adams County,PA,42,358
42003,Allegheny County,PA,42,3979
42005,Armstrong County,PA,42,79
42007,Beaver County,PA,42,770
42009,Bedford County,PA,42,90
42011,Berks County,PA,42,4606
42013,Blair County,PA,42,89
42015,Bradford County,PA,42,59
42017,Bucks County,PA,42,5948
42019,Butler County,PA,42,370
42021,Cambria County,PA,42,104
42023,Cameron County,PA,42,4
42025,Carbon County,PA,42,288
42027,Centre County,PA,42,230
42029,Chester County,PA,42,3863
42031,Clarion County,PA,42,48
42033,Clearfield County,PA,42,79
42035,Clinton County,PA,42,81
42037,Columbia County,PA,42,412
42039,Crawford County,PA,42,72
42041,Cumberland County,PA,42,902
42043,Dauphin County,PA,42,2220
42045,Delaware County,PA,42,7384
42047,Elk County,PA,42,24
42049,Erie County,PA,42,679
42051,Fayette County,PA,42,149
42053,Forest County,PA,42,7
42055,Franklin County,PA,42,970
42057,Fulton County,PA,42,18
42063,Indiana County,PA,42,116
42065,Jefferson County,PA,42,30
42069,Lackawanna County,PA,42,1740
42073,Lawrence County,PA,42,129
42075,Lebanon County,PA,42,1389
42077,Lehigh County,PA,42,4334
42079,Luzerne County,PA,42,2964
42081,Lycoming County,PA,42,217
42083,McKean County,PA,42,20
42087,Mifflin County,PA,42,66
42089,Monroe County,PA,42,1444
42091,Montgomery County,PA,42,8682
42093,Montour County,PA,42,76
42095,Northampton County,PA,42,3485
42097,Northumberland County,PA,42,328
42099,Perry County,PA,42,88
42101,Philadelphia County,PA,42,22302
42103,Pike County,PA,42,504
42105,Potter County,PA,42,17
42107,Schuylkill County,PA,42,759
42109,Snyder County,PA,42,68
42111,Somerset County,PA,42,64
42115,Susquehanna County,PA,42,190
42117,Tioga County,PA,42,27
42119,Union County,PA,42,96
42121,Venango County,PA,42,28
42123,Warren County,PA,42,7
42125,Washington County,PA,42,339
42131,Wyoming County,PA,42,40
42133,York County,PA,42,1654
44001,Bristol County,RI,44,256
44003,Kent County,RI,44,1234
44005,Newport County,RI,44,331
44007,Providence County,RI,44,13144
44009,Washington County,RI,44,538
45003,Aiken County,SC,45,530
45005,Allendale County,SC,45,64
45009,Bamberg County,SC,45,151
45011,Barnwell County,SC,45,101
45013,Beaufort County,SC,45,1615
45015,Berkeley County,SC,45,1703
45017,Calhoun County,SC,45,108
45019,Charleston County,SC,45,6072
45021,Cherokee County,SC,45,204
45023,Chester County,SC,45,234
45025,Chesterfield County,SC,45,407
45027,Clarendon County,SC,45,454
45029,Colleton County,SC,45,400
45033,Dillon County,SC,45,350
45035,Dorchester County,SC,45,1155
45037,Edgefield County,SC,45,100
45039,Fairfield County,SC,45,318
45041,Florence County,SC,45,1427
45043,Georgetown County,SC,45,643
45047,Greenwood County,SC,45,598
45049,Hampton County,SC,45,87
45051,Horry County,SC,45,4845
45053,Jasper County,SC,45,208
45055,Kershaw County,SC,45,790
45059,Laurens County,SC,45,625
45061,Lee County,SC,45,330
45063,Lexington County,SC,45,2503
45065,McCormick County,SC,45,26
45067,Marion County,SC,45,281
45069,Marlboro County,SC,45,321
45071,Newberry County,SC,45,336
45073,Oconee County,SC,45,350
45075,Orangeburg County,SC,45,953
45077,Pickens County,SC,45,1004
45079,Richland County,SC,45,4209
45081,Saluda County,SC,45,240
45083,Spartanburg County,SC,45,2008
45085,Sumter County,SC,45,1246
45089,Williamsburg County,SC,45,445
45091,York County,SC,45,1570
46003,Aurora County,SD,46,34
46005,Beadle County,SD,46,545
46007,Bennett County,SD,46,4
46009,Bon Homme County,SD,46,12
46011,Brookings County,SD,46,83
46013,Brown County,SD,46,350
46017,Buffalo County,SD,46,77
46019,Butte County,SD,46,0
46021,Campbell County,SD,46,1
46023,Charles Mix County,SD,46,90
46025,Clark County,SD,46,15
46027,Clay County,SD,46,90
46029,Codington County,SD,46,85
46031,Corson County,SD,46,19
46035,Davison County,SD,46,47
46037,Day County,SD,46,19
46039,Deuel County,SD,46,4
46041,Dewey County,SD,46,9
46043,Douglas County,SD,46,10
46045,Edmunds County,SD,46,8
46047,Fall River County,SD,46,12
46049,Faulk County,SD,46,23
46051,Grant County,SD,46,14
46053,Gregory County,SD,46,4
46055,Haakon County,SD,46,1
46057,Hamlin County,SD,46,13
46059,Hand County,SD,46,7
46061,Hanson County,SD,46,12
46063,Harding County,SD,46,0
46065,Hughes County,SD,46,65
46067,Hutchinson County,SD,46,15
46069,Hyde County,SD,46,3
46071,Jackson County,SD,46,6
46073,Jerauld County,SD,46,39
46075,Jones County,SD,46,0
46077,Kingsbury County,SD,46,6
46079,Lake County,SD,46,22
46081,Lawrence County,SD,46,19
46083,Lincoln County,SD,46,371
46085,Lyman County,SD,46,72
46087,McCook County,SD,46,14
46089,McPherson County,SD,46,5
46091,Marshall County,SD,46,5
46093,Meade County,SD,46,52
46095,Mellette County,SD,46,6
46097,Miner County,SD,46,10
46099,Minnehaha County,SD,46,3685
46101,Moody County,SD,46,23
46102,Oglala Lakota County,SD,46,100
46103,Pennington County,SD,46,590
46105,Perkins County,SD,46,0
46107,Potter County,SD,46,0
46109,Roberts County,SD,46,52
46111,Sanborn County,SD,46,12
46115,Spink County,SD,46,12
46117,Stanley County,SD,46,14
46119,Sully County,SD,46,1
46121,Todd County,SD,46,57
46123,Tripp County,SD,46,18
46125,Turner County,SD,46,27
46127,Union County,SD,46,137
46129,Walworth County,SD,46,15
46135,Yankton County,SD,46,82
47003,Bedford County,TN,47,584
47005,Benton County,TN,47,13
47007,Bledsoe County,TN,47,623
47009,Blount County,TN,47,262
47011,Bradley County,TN,47,773
47013,Campbell County,TN,47,54
47015,Cannon County,TN,47,37
47017,Carroll County,TN,47,49
47019,Carter County,TN,47,70
47021,Cheatham County,TN,47,236
47023,Chester County,TN,47,37
47025,Claiborne County,TN,47,53
47027,Clay County,TN,47,19
47029,Cocke County,TN,47,105
47031,Coffee County,TN,47,125
47033,Crockett County,TN,47,40
47035,Cumberland County,TN,47,188
47037,Davidson County,TN,47,11599
47039,Decatur County,TN,47,22
47041,DeKalb County,TN,47,70
47043,Dickson County,TN,47,219
47051,Franklin County,TN,47,90
47053,Gibson County,TN,47,133
47055,Giles County,TN,47,70
47057,Grainger County,TN,47,47
47061,Grundy County,TN,47,63
47063,Hamblen County,TN,47,374
47065,Hamilton County,TN,47,2867
47067,Hancock County,TN,47,8
47069,Hardeman County,TN,47,357
47071,Hardin County,TN,47,115
47073,Hawkins County,TN,47,64
47075,Haywood County,TN,47,96
47077,Henderson County,TN,47,48
47079,Henry County,TN,47,45
47081,Hickman County,TN,47,88
47083,Houston County,TN,47,15
47085,Humphreys County,TN,47,35
47087,Jackson County,TN,47,30
47089,Jefferson County,TN,47,147
47091,Johnson County,TN,47,45
47093,Knox County,TN,47,1309
47095,Lake County,TN,47,694
47099,Lawrence County,TN,47,172
47105,Loudon County,TN,47,293
47107,McMinn County,TN,47,243
47109,McNairy County,TN,47,76
47111,Macon County,TN,47,500
47113,Madison County,TN,47,318
47115,Marion County,TN,47,79
47117,Marshall County,TN,47,98
47119,Maury County,TN,47,379
47121,Meigs County,TN,47,32
47125,Montgomery County,TN,47,587
47127,Moore County,TN,47,15
47129,Morgan County,TN,47,28
47131,Obion County,TN,47,117
47133,Overton County,TN,47,65
47137,Pickett County,TN,47,6
47139,Polk County,TN,47,46
47141,Putnam County,TN,47,919
47143,Rhea County,TN,47,289
47145,Roane County,TN,47,64
47147,Robertson County,TN,47,855
47149,Rutherford County,TN,47,3111
47151,Scott County,TN,47,18
47153,Sequatchie County,TN,47,42
47155,Sevier County,TN,47,857
47159,Smith County,TN,47,124
47161,Stewart County,TN,47,24
47163,Sullivan County,TN,47,141
47165,Sumner County,TN,47,1670
47169,Trousdale County,TN,47,1503
47171,Unicoi County,TN,47,55
47173,Union County,TN,47,19
47175,Van Buren County,TN,47,7
47179,Washington County,TN,47,182
47181,Wayne County,TN,47,89
47183,Weakley County,TN,47,66
47185,White County,TN,47,76
47187,Williamson County,TN,47,1420
47189,Wilson County,TN,47,999
48001,Anderson County,TX,48,1108
48003,Andrews County,TX,48,103
48005,Angelina County,TX,48,610
48007,Aransas County,TX,48,44
48009,Archer County,TX,48,10
48011,Armstrong County,TX,48,3
48013,Atascosa County,TX,48,148
48015,Austin County,TX,48,100
48017,Bailey County,TX,48,108
48021,Bastrop County,TX,48,522
48023,Baylor County,TX,48,1
48025,Bee County,TX,48,91
48027,Bell County,TX,48,1626
48031,Blanco County,TX,48,31
48033,Borden County,TX,48,0
48035,Bosque County,TX,48,18
48037,Bowie County,TX,48,462
48039,Brazoria County,TX,48,2925
48041,Brazos County,TX,48,2532
48043,Brewster County,TX,48,146
48045,Briscoe County,TX,48,8
48047,Brooks County,TX,48,11
48049,Brown County,TX,48,99
48051,Burleson County,TX,48,93
48053,Burnet County,TX,48,181
48057,Calhoun County,TX,48,110
48059,Callahan County,TX,48,24
48061,Cameron County,TX,48,2880
48065,Carson County,TX,48,7
48069,Castro County,TX,48,108
48071,Chambers County,TX,48,454
48073,Cherokee County,TX,48,250
48075,Childress County,TX,48,7
48077,Clay County,TX,48,9
48079,Cochran County,TX,48,3
48081,Coke County,TX,48,5
48083,Coleman County,TX,48,3
48085,Collin County,TX,48,3707
48087,Collingsworth County,TX,48,6
48089,Colorado County,TX,48,109
48091,Comal County,TX,48,750
48095,Concho County,TX,48,11
48097,Cooke County,TX,48,68
48099,Coryell County,TX,48,336
48101,Cottle County,TX,48,4
48103,Crane County,TX,48,61
48107,Crosby County,TX,48,28
48109,Culberson County,TX,48,4
48111,Dallam County,TX,48,102
48113,Dallas County,TX,48,27054
48115,Dawson County,TX,48,70
48117,Deaf Smith County,TX,48,371
48119,Delta County,TX,48,7
48121,Denton County,TX,48,3403
48125,Dickens County,TX,48,2
48127,Dimmit County,TX,48,18
48129,Donley County,TX,48,28
48133,Eastland County,TX,48,11
48135,Ector County,TX,48,946
48137,Edwards County,TX,48,2
48139,Ellis County,TX,48,1182
48141,El Paso County,TX,48,7642
48143,Erath County,TX,48,160
48145,Falls County,TX,48,35
48147,Fannin County,TX,48,122
48149,Fayette County,TX,48,104
48151,Fisher County,TX,48,11
48153,Floyd County,TX,48,46
48155,Foard County,TX,48,0
48157,Fort Bend County,TX,48,4286
48161,Freestone County,TX,48,39
48163,Frio County,TX,48,238
48165,Gaines County,TX,48,30
48167,Galveston County,TX,48,4586
48169,Garza County,TX,48,14
48171,Gillespie County,TX,48,49
48173,Glasscock County,TX,48,5
48175,Goliad County,TX,48,15
48177,Gonzales County,TX,48,314
48179,Gray County,TX,48,122
48181,Grayson County,TX,48,648
48183,Gregg County,TX,48,471
48185,Grimes County,TX,48,575
48187,Guadalupe County,TX,48,896
48189,Hale County,TX,48,592
48191,Hall County,TX,48,2
48193,Hamilton County,TX,48,22
48195,Hansford County,TX,48,31
48197,Hardeman County,TX,48,5
48199,Hardin County,TX,48,275
48201,Harris County,TX,48,37776
48203,Harrison County,TX,48,383
48205,Hartley County,TX,48,36
48207,Haskell County,TX,48,6
48209,Hays County,TX,48,3193
48211,Hemphill County,TX,48,15
48215,Hidalgo County,TX,48,5345
48217,Hill County,TX,48,82
48219,Hockley County,TX,48,86
48223,Hopkins County,TX,48,75
48225,Houston County,TX,48,172
48227,Howard County,TX,48,55
48229,Hudspeth County,TX,48,16
48231,Hunt County,TX,48,616
48233,Hutchinson County,TX,48,70
48235,Irion County,TX,48,2
48237,Jack County,TX,48,12
48239,Jackson County,TX,48,68
48243,Jeff Davis County,TX,48,4
48245,Jefferson County,TX,48,2959
48247,Jim Hogg County,TX,48,24
48249,Jim Wells County,TX,48,218
48251,Johnson County,TX,48,553
48253,Jones County,TX,48,609
48255,Karnes County,TX,48,58
48259,Kendall County,TX,48,95
48261,Kenedy County,TX,48,1
48263,Kent County,TX,48,0
48265,Kerr County,TX,48,115
48267,Kimble County,TX,48,10
48273,Kleberg County,TX,48,105
48275,Knox County,TX,48,4
48277,Lamar County,TX,48,332
48279,Lamb County,TX,48,53
48281,Lampasas County,TX,48,20
48283,La Salle County,TX,48,24
48285,Lavaca County,TX,48,197
48287,Lee County,TX,48,85
48289,Leon County,TX,48,43
48291,Liberty County,TX,48,428
48293,Limestone County,TX,48,62
48297,Live Oak County,TX,48,50
48299,Llano County,TX,48,11
48301,Loving County,TX,48,0
48303,Lubbock County,TX,48,2918
48305,Lynn County,TX,48,40
48307,McCulloch County,TX,48,21
48309,McLennan County,TX,48,1798
48311,McMullen County,TX,48,0
48313,Madison County,TX,48,45
48315,Marion County,TX,48,34
48317,Martin County,TX,48,19
48319,Mason County,TX,48,35
48321,Matagorda County,TX,48,274
48325,Medina County,TX,48,327
48327,Menard County,TX,48,12
48329,Midland County,TX,48,927
48331,Milam County,TX,48,112
48333,Mills County,TX,48,1
48335,Mitchell County,TX,48,12
48337,Montague County,TX,48,21
48341,Moore County,TX,48,902
48343,Morris County,TX,48,49
48345,Motley County,TX,48,1
48347,Nacogdoches County,TX,48,461
48349,Navarro County,TX,48,370
48351,Newton County,TX,48,12
48353,Nolan County,TX,48,46
48355,Nueces County,TX,48,4084
48357,Ochiltree County,TX,48,60
48361,Orange County,TX,48,327
48363,Palo Pinto County,TX,48,47
48365,Panola County,TX,48,218
48367,Parker County,TX,48,388
48369,Parmer County,TX,48,227
48371,Pecos County,TX,48,135
48373,Polk County,TX,48,205
48375,Potter County,TX,48,2978
48377,Presidio County,TX,48,19
48379,Rains County,TX,48,16
48383,Reagan County,TX,48,14
48387,Red River County,TX,48,117
48389,Reeves County,TX,48,59
48391,Refugio County,TX,48,33
48393,Roberts County,TX,48,5
48395,Robertson County,TX,48,61
48397,Rockwall County,TX,48,403
48401,Rusk County,TX,48,289
48403,Sabine County,TX,48,28
48405,San Augustine County,TX,48,114
48407,San Jacinto County,TX,48,63
48409,San Patricio County,TX,48,204
48413,Schleicher County,TX,48,21
48415,Scurry County,TX,48,71
48417,Shackelford County,TX,48,5
48419,Shelby County,TX,48,288
48421,Sherman County,TX,48,30
48423,Smith County,TX,48,848
48425,Somervell County,TX,48,16
48427,Starr County,TX,48,829
48429,Stephens County,TX,48,9
48431,Sterling County,TX,48,0
48433,Stonewall County,TX,48,0
48435,Sutton County,TX,48,13
48437,Swisher County,TX,48,44
48439,Tarrant County,TX,48,14828
48441,Taylor County,TX,48,543
48443,Terrell County,TX,48,2
48445,Terry County,TX,48,39
48449,Titus County,TX,48,842
48451,Tom Green County,TX,48,530
48453,Travis County,TX,48,11926
48455,Trinity County,TX,48,48
48457,Tyler County,TX,48,30
48459,Upshur County,TX,48,76
48461,Upton County,TX,48,7
48463,Uvalde County,TX,48,172
48467,Van Zandt County,TX,48,127
48469,Victoria County,TX,48,1240
48471,Walker County,TX,48,2099
48473,Waller County,TX,48,195
48475,Ward County,TX,48,29
48477,Washington County,TX,48,309
48479,Webb County,TX,48,1960
48481,Wharton County,TX,48,244
48483,Wheeler County,TX,48,19
48485,Wichita County,TX,48,464
48487,Wilbarger County,TX,48,13
48489,Willacy County,TX,48,242
48491,Williamson County,TX,48,3151
48493,Wilson County,TX,48,144
48495,Winkler County,TX,48,37
48499,Wood County,TX,48,107
48501,Yoakum County,TX,48,39
48503,Young County,TX,48,34
48505,Zapata County,TX,48,62
48507,Zavala County,TX,48,29
49001,Beaver County,UT,49,12
49003,Box Elder County,UT,49,190
49005,Cache County,UT,49,1557
49007,Carbon County,UT,49,15
49009,Daggett County,UT,49,0
49011,Davis County,UT,49,1522
49013,Duchesne County,UT,49,15
49017,Garfield County,UT,49,18
49019,Grand County,UT,49,20
49021,Iron County,UT,49,336
49023,Juab County,UT,49,26
49025,Kane County,UT,49,12
49027,Millard County,UT,49,73
49029,Morgan County,UT,49,25
49031,Piute County,UT,49,4
49033,Rich County,UT,49,4
49035,Salt Lake County,UT,49,12994
49037,San Juan County,UT,49,417
49039,Sanpete County,UT,49,66
49041,Sevier County,UT,49,52
49043,Summit County,UT,49,538
49045,Tooele County,UT,49,294
49047,Uintah County,UT,49,35
49049,Utah County,UT,49,4761
49051,Wasatch County,UT,49,427
49053,Washington County,UT,49,1428
49057,Weber County,UT,49,1278
50001,Addison County,VT,50,68
50003,Bennington County,VT,50,73
50007,Chittenden County,VT,50,631
50009,Essex County,VT,50,4
50011,Franklin County,VT,50,110
50013,Grand Isle County,VT,50,10
50015,Lamoille County,VT,50,34
50017,Orange County,VT,50,10
50019,Orleans County,VT,50,14
50021,Rutland County,VT,50,75
50023,Washington County,VT,50,42
50027,Windsor County,VT,50,59
51001,Accomack County,VA,51,1042
51003,Albemarle County,VA,51,472
51005,Alleghany County,VA,51,38
51007,Amelia County,VA,51,46
51009,Amherst County,VA,51,38
51011,Appomattox County,VA,51,44
51013,Arlington County,VA,51,2550
51015,Augusta County,VA,51,200
51017,Bath County,VA,51,0
51019,Bedford County,VA,51,140
51021,Bland County,VA,51,2
51023,Botetourt County,VA,51,145
51025,Brunswick County,VA,51,116
51027,Buchanan County,VA,51,34
51029,Buckingham County,VA,51,570
51031,Campbell County,VA,51,53
51033,Caroline County,VA,51,129
51035,Carroll County,VA,51,235
51036,Charles City County,VA,51,41
51045,Craig County,VA,51,9
51047,Culpeper County,VA,51,829
51049,Cumberland County,VA,51,58
51051,Dickenson County,VA,51,5
51053,Dinwiddie County,VA,51,152
51057,Essex County,VA,51,59
51059,Fairfax County,VA,51,14191
51063,Floyd County,VA,51,21
51065,Fluvanna County,VA,51,123
51069,Frederick County,VA,51,524
51071,Giles County,VA,51,18
51073,Gloucester County,VA,51,53
51075,Goochland County,VA,51,128
51077,Grayson County,VA,51,91
51079,Greene County,VA,51,76
51081,Greensville County,VA,51,367
51083,Halifax County,VA,51,68
51085,Hanover County,VA,51,452
51087,Henrico County,VA,51,2708
51089,Henry County,VA,51,301
51091,Highland County,VA,51,3
51093,Isle of Wight County,VA,51,199
51095,James City County,VA,51,306
51097,King and Queen County,VA,51,24
51099,King George County,VA,51,100
51101,King William County,VA,51,47
51103,Lancaster County,VA,51,11
51105,Lee County,VA,51,16
51107,Loudoun County,VA,51,4252
51109,Louisa County,VA,51,132
51111,Lunenburg County,VA,51,39
51113,Madison County,VA,51,46
51115,Matthews County,VA,51,6
51117,Mecklenburg County,VA,51,249
51119,Middlesex County,VA,51,15
51121,Montgomery County,VA,51,167
51125,Nelson County,VA,51,21
51127,New Kent County,VA,51,62
51131,Northampton County,VA,51,272
51133,Northumberland County,VA,51,37
51135,Nottoway County,VA,51,114
51137,Orange County,VA,51,154
51139,Page County,VA,51,290
51141,Patrick County,VA,51,48
51143,Pittsylvania County,VA,51,139
51145,Powhatan County,VA,51,86
51147,Prince Edward County,VA,51,216
51149,Prince George County,VA,51,246
51153,Prince William County,VA,51,7638
51155,Pulaski County,VA,51,48
51157,Rappahannock County,VA,51,30
51161,Roanoke County,VA,51,292
51163,Rockbridge County,VA,51,33
51165,Rockingham County,VA,51,751
51167,Russell County,VA,51,14
51169,Scott County,VA,51,11
51171,Shenandoah County,VA,51,600
51173,Smyth County,VA,51,42
51175,Southampton County,VA,51,165
51177,Spotsylvania County,VA,51,1048
51179,Stafford County,VA,51,1022
51183,Sussex County,VA,51,211
51187,Warren County,VA,51,300
51191,Washington County,VA,51,68
51193,Westmoreland County,VA,51,118
51195,Wise County,VA,51,32
51197,Wythe County,VA,51,57
51199,York County,VA,51,131
51510,Alexandria City,VA,51,2399
51520,Bristol city,VA,51,5
51540,Charlottesville City,VA,51,239
51550,Chesapeake City,VA,51,1046
51580,Covington city,VA,51,5
51590,Danville City,VA,51,99
51595,Emporia city,VA,51,145
51600,Fairfax city,VA,51,72
51620,Franklin city,VA,51,58
51630,Fredericksburg City,VA,51,260
51640,Galax city,VA,51,281
51650,Hampton city,VA,51,390
51660,Harrisonburg City,VA,51,967
51670,Hopewell city,VA,51,191
51678,Lexington city,VA,51,13
51680,Lynchburg city,VA,51,169
51683,Manassas City,VA,51,1458
51685,Manassas Park city,VA,51,447
51690,Martinsville city,VA,51,98
51700,Newport News City,VA,51,613
51710,Norfolk City,VA,51,1162
51720,Norton city,VA,51,4
51730,Petersburg city,VA,51,311
51735,Poquoson city,VA,51,19
51740,Portsmouth City,VA,51,572
51750,Radford city,VA,51,14
51760,Richmond City,VA,51,2301
51770,Roanoke city,VA,51,502
51775,Salem city,VA,51,83
51790,Staunton city,VA,51,81
51800,Suffolk City,VA,51,470
51810,Virginia Beach City,VA,51,1455
51820,Waynesboro city,VA,51,102
51830,Williamsburg City,VA,51,75
51840,Winchester city,VA,51,334
53001,Adams County,WA,53,203
53003,Asotin County,WA,53,21
53005,Benton County,WA,53,2094
53007,Chelan County,WA,53,442
53009,Clallam County,WA,53,46
53011,Clark County,WA,53,962
53013,Columbia County,WA,53,8
53019,Ferry County,WA,53,1
53021,Franklin County,WA,53,2113
53023,Garfield County,WA,53,0
53025,Grant County,WA,53,709
53031,Jefferson County,WA,53,41
53035,Kitsap County,WA,53,251
53037,Kittitas County,WA,53,160
53041,Lewis County,WA,53,78
53043,Lincoln County,WA,53,4
53045,Mason County,WA,53,55
53047,Okanogan County,WA,53,153
53049,Pacific County,WA,53,18
53051,Pend Oreille County,WA,53,7
53053,Pierce County,WA,53,2878
53055,San Juan County,WA,53,20
53057,Skagit County,WA,53,558
53059,Skamania County,WA,53,14
53061,Snohomish County,WA,53,3764
53065,Stevens County,WA,53,20
53067,Thurston County,WA,53,299
53069,Wahkiakum County,WA,53,5
53071,Walla Walla County,WA,53,193
53075,Whitman County,WA,53,39
53077,Yakima County,WA,53,7696
54001,Barbour County,WV,54,17
54005,Boone County,WV,54,29
54007,Braxton County,WV,54,3
54009,Brooke County,WV,54,15
54011,Cabell County,WV,54,168
54013,Calhoun County,WV,54,2
54015,Clay County,WV,54,11
54017,Doddridge County,WV,54,0
54019,Fayette County,WV,54,72
54021,Gilmer County,WV,54,13
54023,Grant County,WV,54,16
54025,Greenbrier County,WV,54,66
54027,Hampshire County,WV,54,42
54029,Hancock County,WV,54,32
54031,Hardy County,WV,54,45
54033,Harrison County,WV,54,79
54037,Jefferson County,WV,54,245
54039,Kanawha County,WV,54,355
54041,Lewis County,WV,54,20
54043,Lincoln County,WV,54,9
54045,Logan County,WV,54,27
54049,Marion County,WV,54,89
54051,Marshall County,WV,54,44
54055,Mercer County,WV,54,57
54059,Mingo County,WV,54,23
54061,Monongalia County,WV,54,301
54063,Monroe County,WV,54,16
54067,Nicholas County,WV,54,15
54069,Ohio County,WV,54,110
54071,Pendleton County,WV,54,14
54073,Pleasants County,WV,54,5
54075,Pocahontas County,WV,54,35
54077,Preston County,WV,54,89
54081,Raleigh County,WV,54,63
54083,Randolph County,WV,54,171
54089,Summers County,WV,54,2
54091,Taylor County,WV,54,17
54093,Tucker County,WV,54,6
54095,Tyler County,WV,54,5
54099,Wayne County,WV,54,120
54101,Webster County,WV,54,1
54103,Wetzel County,WV,54,18
54107,Wood County,WV,54,135
54109,Wyoming County,WV,54,7
55001,Adams County,WI,55,33
55003,Ashland County,WI,55,3
55005,Barron County,WI,55,36
55007,Bayfield County,WI,55,4
55009,Brown County,WI,55,3072
55011,Buffalo County,WI,55,9
55013,Burnett County,WI,55,5
55015,Calumet County,WI,55,125
55017,Chippewa County,WI,55,118
55019,Clark County,WI,55,87
55021,Columbia County,WI,55,104
55023,Crawford County,WI,55,41
55025,Dane County,WI,55,2510
55027,Dodge County,WI,55,487
55029,Door County,WI,55,49
55031,Douglas County,WI,55,46
55033,Dunn County,WI,55,47
55037,Florence County,WI,55,4
55039,Fond du Lac County,WI,55,339
55041,Forest County,WI,55,40
55043,Grant County,WI,55,178
55045,Green County,WI,55,100
55049,Iowa County,WI,55,38
55051,Iron County,WI,55,8
55053,Jackson County,WI,55,31
55057,Juneau County,WI,55,43
55059,Kenosha County,WI,55,1610
55061,Kewaunee County,WI,55,64
55065,Lafayette County,WI,55,76
55067,Langlade County,WI,55,11
55069,Lincoln County,WI,55,17
55071,Manitowoc County,WI,55,122
55073,Marathon County,WI,55,226
55075,Marinette County,WI,55,71
55077,Marquette County,WI,55,31
55078,Menominee County,WI,55,7
55079,Milwaukee County,WI,55,12539
55081,Monroe County,WI,55,90
55083,Oconto County,WI,55,69
55087,Outagamie County,WI,55,577
55089,Ozaukee County,WI,55,273
55091,Pepin County,WI,55,1
55093,Pierce County,WI,55,77
55095,Polk County,WI,55,61
55097,Portage County,WI,55,200
55101,Racine County,WI,55,2253
55103,Richland County,WI,55,15
55105,Rock County,WI,55,947
55107,Rusk County,WI,55,11
55109,St. Croix County,WI,55,231
55113,Sawyer County,WI,55,13
55115,Shawano County,WI,55,86
55117,Sheboygan County,WI,55,245
55119,Taylor County,WI,55,16
55121,Trempealeau County,WI,55,140
55123,Vernon County,WI,55,38
55125,Vilas County,WI,55,14
55127,Walworth County,WI,55,701
55129,Washburn County,WI,55,5
55131,Washington County,WI,55,443
55135,Waupaca County,WI,55,145
55137,Waushara County,WI,55,34
55139,Winnebago County,WI,55,723
55141,Wood County,WI,55,86
56001,Albany County,WY,56,43
56003,Big Horn County,WY,56,24
56005,Campbell County,WY,56,75
56009,Converse County,WY,56,27
56011,Crook County,WY,56,7
56013,Fremont County,WY,56,370
56015,Goshen County,WY,56,8
56017,Hot Springs County,WY,56,12
56019,Johnson County,WY,56,20
56021,Laramie County,WY,56,298
56023,Lincoln County,WY,56,37
56025,Natrona County,WY,56,153
56027,Niobrara County,WY,56,2
56035,Sublette County,WY,56,6
56037,Sweetwater County,WY,56,122
56041,Uinta County,WY,56,190
56043,Washakie County,WY,56,40
56045,Weston County,WY,56,1
